[
  {
    "model": "files.modulegroup",
    "pk": 1,
    "fields": {
      "name": "algorithms and data structures",
      "short": "algo",
      "drive_id": "1Vnsmbgeo1jso8BA4DBnXFgHJeJdZUcMB"
    }
  },
  {
    "model": "files.modulegroup",
    "pk": 2,
    "fields": {
      "name": "operating systems",
      "short": "os",
      "drive_id": "12IlL0hgmuJSftIs3W7sVmioJf87N03Fn"
    }
  },
  {
    "model": "files.modulegroup",
    "pk": 3,
    "fields": {
      "name": "other",
      "short": "other",
      "drive_id": "1B7_D5PRsgly_BGnkaU79so9nSDLJ8Ow-"
    }
  },
  {
    "model": "files.modulegroup",
    "pk": 4,
    "fields": {
      "name": "foreign language",
      "short": "lang",
      "drive_id": "1ETYGT1gGpqpZU5r1ZInnNxO7AY0cqlHE"
    }
  },
  {
    "model": "files.modulegroup",
    "pk": 5,
    "fields": {
      "name": "entrepreneurship",
      "short": "entrp",
      "drive_id": "1BSZtUXFjSr6_k4Ov3GaAaqF3vAkRfBJx"
    }
  },
  {
    "model": "files.modulegroup",
    "pk": 6,
    "fields": {
      "name": "computer architecture",
      "short": "archi",
      "drive_id": "1DisG8F09zGCglvJDfobSvn8adVtBLzjv"
    }
  },
  {
    "model": "files.modulegroup",
    "pk": 7,
    "fields": {
      "name": "Information and Communications Technology",
      "short": "TIC",
      "drive_id": "1k6gjrD-gWLp5yXkz0zxklzAtlj9R7Jfw"
    }
  },
  {
    "model": "files.modulegroup",
    "pk": 8,
    "fields": {
      "name": "algebra",
      "short": "alg",
      "drive_id": "1Xvvy7OIqCiYCOMlvm4pd82597tP6dJve"
    }
  },
  {
    "model": "files.modulegroup",
    "pk": 9,
    "fields": {
      "name": "analysis",
      "short": "anal",
      "drive_id": "1TQSKrZKI1XT-z30Y2PUW5LIyXnY6T_OI"
    }
  },
  {
    "model": "files.modulegroup",
    "pk": 11,
    "fields": {
      "name": "Mathematical Programming Tools",
      "short": "OPM",
      "drive_id": "1Y_GZvXN0k5meKy_yUMdQvqoTkBI-aRVp"
    }
  },
  {
    "model": "files.modulegroup",
    "pk": 12,
    "fields": {
      "name": "probability and statistics",
      "short": "proba-stat",
      "drive_id": "1WPYc4xRYPD_bl7X3RvrDUdrrUu49XjRy"
    }
  },
  {
    "model": "files.modulegroup",
    "pk": 14,
    "fields": {
      "name": "mathematical logic",
      "short": "lmath",
      "drive_id": "1LvrBEaKfUI3mNUYgbKq7ATKxsMs2swwr"
    }
  },
  {
    "model": "files.modulegroup",
    "pk": 15,
    "fields": {
      "name": "mathematics",
      "short": "math",
      "drive_id": "1qSzKOzqktxi_tZ0ruYNZvEDh32ugry5s"
    }
  },
  {
    "model": "files.modulegroup",
    "pk": 16,
    "fields": {
      "name": "mechanics",
      "short": "mech",
      "drive_id": "1QdZ3OKE1Espt0bagOILDOgSYif1lt6m-"
    }
  },
  {
    "model": "files.modulegroup",
    "pk": 17,
    "fields": {
      "name": "vibration waves and oscillations",
      "short": "waves",
      "drive_id": "1YCVLudRyiA6xWvuFJm6cBgJnZ21DkZWs"
    }
  },
  {
    "model": "files.modulegroup",
    "pk": 18,
    "fields": {
      "name": "quantum mechanics",
      "short": "quantum",
      "drive_id": "1X3jpcT5KC4EjKu0ZIrSrNPtuTUjm-nDh"
    }
  },
  {
    "model": "files.modulegroup",
    "pk": 19,
    "fields": {
      "name": "electromagnetism",
      "short": "elec-mag",
      "drive_id": "1Ti_eSIp3CbjfnZc84_OjRN8C_VV_rlv5"
    }
  },
  {
    "model": "files.modulegroup",
    "pk": 20,
    "fields": {
      "name": "electricity",
      "short": "elec",
      "drive_id": "17lnUykJ542hbp55-BedXtixarenc_6iw"
    }
  },
  {
    "model": "files.modulegroup",
    "pk": 21,
    "fields": {
      "name": "electronics",
      "short": "elecn",
      "drive_id": "1T6v-AWBCBCCaKJ5StDMak8T08Jg42VH2"
    }
  },
  {
    "model": "files.modulegroup",
    "pk": 22,
    "fields": {
      "name": "fluid mechanics",
      "short": "fl-mech",
      "drive_id": "1cSM0Rt5nmiv8Le4Kk53_K0sd3xG19jUO"
    }
  },
  {
    "model": "files.modulegroup",
    "pk": 23,
    "fields": {
      "name": "astronomy and astrophysics",
      "short": "astro",
      "drive_id": "17I1efnR0slGAwP9duj0fZzP04Jln9LAL"
    }
  },
  {
    "model": "files.modulegroup",
    "pk": 24,
    "fields": {
      "name": "optics",
      "short": "optics",
      "drive_id": "1w9os-vgdsOYYurObhUzOGE9qeNaR1VK4"
    }
  },
  {
    "model": "files.modulegroup",
    "pk": 25,
    "fields": {
      "name": "crystallography",
      "short": "cryst",
      "drive_id": "1x_57ZmbFJX3ysuUmrsXv6Vt86CWeZghQ"
    }
  },
  {
    "model": "files.modulegroup",
    "pk": 26,
    "fields": {
      "name": "Analysis technique",
      "short": "anal-tec",
      "drive_id": "10ELtX7r-Ul2cuega6p9M0tIwpxm6dmac"
    }
  },
  {
    "model": "files.modulegroup",
    "pk": 27,
    "fields": {
      "name": "material structure",
      "short": "min-struct",
      "drive_id": "1ZjwmlGvw4eNwTI58j33Aj1n3Hr9YsL65"
    }
  },
  {
    "model": "files.modulegroup",
    "pk": 28,
    "fields": {
      "name": "thermodynamics and chemical kinetics",
      "short": "thermo",
      "drive_id": "1G7zsRclvUJ-_tRhnSmDpKt6h0QoNhWaq"
    }
  },
  {
    "model": "files.modulegroup",
    "pk": 29,
    "fields": {
      "name": "mineral chimestry",
      "short": "min-chimi",
      "drive_id": "1C7tp2eUDUVtKDmm_HRdez5GU7B1QDdO3"
    }
  },
  {
    "model": "files.modulegroup",
    "pk": 30,
    "fields": {
      "name": "informatics",
      "short": "info",
      "drive_id": "1VH_rU8SfgWNeBSuGBtkdAyqoSXOyrDz0"
    }
  },
  {
    "model": "files.modulegroup",
    "pk": 31,
    "fields": {
      "name": "environment",
      "short": "env",
      "drive_id": "10lN3t6-6Xz5mpcYjzXEOfHvUjBM7L0he"
    }
  },
  {
    "model": "files.modulegroup",
    "pk": 32,
    "fields": {
      "name": "enterprise economics",
      "short": "ent-eco",
      "drive_id": "1VamsO-XyeEWvpy_MHt10rCxlUk2P5OGr"
    }
  },
  {
    "model": "files.modulegroup",
    "pk": 33,
    "fields": {
      "name": "discovery of university work methods",
      "short": "wrk-mthds",
      "drive_id": "1fawzH72OMl6bvscMfj6TrsWLDfEGkTNt"
    }
  },
  {
    "model": "files.modulegroup",
    "pk": 34,
    "fields": {
      "name": "biotechnology",
      "short": "biotech",
      "drive_id": "10OGO6ZQBfrV1nFi2wV1D6QeFIlSX-pQE"
    }
  },
  {
    "model": "files.modulegroup",
    "pk": 35,
    "fields": {
      "name": "renewable energy",
      "short": "ren-energ",
      "drive_id": "1czjeVButVUrm6d-1IYtfMTO2WpgKVAaV"
    }
  },
  {
    "model": "files.modulegroup",
    "pk": 36,
    "fields": {
      "name": "history of sciences",
      "short": "history",
      "drive_id": "1f28qzMSVyZWFQ6qznp25X-9xAKloXwUx"
    }
  },
  {
    "model": "files.modulegroup",
    "pk": 37,
    "fields": {
      "name": "careers in science and technology",
      "short": "careers",
      "drive_id": "1bpl7kokYB62dCHITU7d6Phd30dQVP6aJ"
    }
  },
  {
    "model": "files.modulegroup",
    "pk": 38,
    "fields": {
      "name": "writing and presentation methodology",
      "short": "meth",
      "drive_id": "14uX2yCqyvtBEsNef21FSx81AaBRox-Gk"
    }
  },
  {
    "model": "files.module",
    "pk": 2,
    "fields": {
      "name": "algorithms and data structure 1",
      "short": "algo1",
      "drive_id": "1POJIUZZrwWq2t67MMXFTG0o16Y-L-eVe",
      "cour_drive_id": "1uNvnY4MLh2Wdi7sFva6g9yEj8LkwovCM",
      "tp_drive_id": "14TTW8YKSu95DMRnFqU-lOJpSD2AwX4co",
      "td_drive_id": "1KqZNmQKGkgVML34SSupRBB_NdPNjK-Ai",
      "other_drive_id": "1jLNdb1RfiZRdzEcK6f1F9wMSKAPUAmo3",
      "exam_drive_id": "1fVwWkb7kc4urKo8yqlKwwEjI2muixh6t",
      "group": 1
    }
  },
  {
    "model": "files.module",
    "pk": 3,
    "fields": {
      "name": "algorithms and data structure 2",
      "short": "algo2",
      "drive_id": "1bl1qboncWYvh8weHCnFhQ2rV9X7nS40l",
      "cour_drive_id": "1uysIsA9H52CCrNOpffedgoGULLrweeRC",
      "tp_drive_id": "1BjvlwCRHVm1_8EdsGuhVM2tMlJkKqM5V",
      "td_drive_id": "15Qt2_CCqO2yJZ4pxsT6EpJejAh3Xp1n0",
      "other_drive_id": "1ZSnayzDTmRGDswSgsvMyEHvbvstzUsBt",
      "exam_drive_id": "1V0I_aBeBiNjjM1hPscGktknnWFX9x3WI",
      "group": 1
    }
  },
  {
    "model": "files.module",
    "pk": 4,
    "fields": {
      "name": "operating systems 1",
      "short": "os1",
      "drive_id": "1lQvDwZwr-nYf11yYXV9yOwq1Eb71A7u2",
      "cour_drive_id": "19WjJdo9K65xsQq9kuZ5ln1Yh4r5iuHHc",
      "tp_drive_id": "1h9qZEdfI51wV2Lrh1E__ZWFnpGb0IW0J",
      "td_drive_id": "1cK01q_TSF-6VJii31TN-WSAKtgfZSFGb",
      "other_drive_id": "1s2f3Gzz9pKC2RWt_Vd4Jm8CLOjCkitPI",
      "exam_drive_id": "1o1GWf_mMlrO6KAFCSiSot_5BBKA2hbHd",
      "group": 2
    }
  },
  {
    "model": "files.module",
    "pk": 5,
    "fields": {
      "name": "operating systems 2",
      "short": "os2",
      "drive_id": "1WQcmum69fea7NdSZzwbh8UBXnI__DT75",
      "cour_drive_id": "1E2RHMwsysBzdSfmq4e9SxCCDQonJ1Tor",
      "tp_drive_id": "1DzTbZ9q_nZ4Z3dC_5d6CzMK34ka4quSy",
      "td_drive_id": "1YXxcfqwNsvK-dZmLRF-SwTKbzimDLyGQ",
      "other_drive_id": "1SRPGQiPb1BxVRT5j66JXGBpsxfgUg3e5",
      "exam_drive_id": "1fcebCUqXKPFz1twbAtQ9iojASvJjDKDr",
      "group": 2
    }
  },
  {
    "model": "files.module",
    "pk": 7,
    "fields": {
      "name": "other",
      "short": "other",
      "drive_id": "1pJN6RzNL1csiBNsH3IxzqNQf-x67O6Tx",
      "cour_drive_id": "1cMiX2IVUYCdiWpTlihgG0zNg5kRUc3Ub",
      "tp_drive_id": "1C8vNGF3xJD2QTTMzquEIDK0pMkppJg19",
      "td_drive_id": "1uHQTFXGpzwjaCwkttfvh2Lw5hPikW9qp",
      "other_drive_id": "1_dqEzwIOG5QJkRyYXeYQoJ13pH17aYch",
      "exam_drive_id": "1oR5V0aRRYm2lhC4LbpoTaFwALJQruEGZ",
      "group": 3
    }
  },
  {
    "model": "files.module",
    "pk": 8,
    "fields": {
      "name": "english",
      "short": "en",
      "drive_id": "1lDG8Jttu_qbOXy1R8E2KwNUI51f-UfDb",
      "cour_drive_id": "1MDcBWgj8jpW0FtPtIEIszcL8FVBPV21o",
      "tp_drive_id": "1qVtnzKIWaFoQvzzw8BKB1SKuTDYYKdbF",
      "td_drive_id": "1zfbLNn5IpFwmpPuGC-ZhVIfswNas5JTL",
      "other_drive_id": "1X-o81grYOycd-6b79f3e3qqQ60nWwAVT",
      "exam_drive_id": "1yZodjV4qaJjh6LOwL4C_22Lz0g2rkO5w",
      "group": 4
    }
  },
  {
    "model": "files.module",
    "pk": 9,
    "fields": {
      "name": "french",
      "short": "fr",
      "drive_id": "1iBb_F3ZpoGjYnX3SfoYfAMy1xVyopApw",
      "cour_drive_id": "1pYbMGFu-krR5CtXxtGnOOgtGqu3ztdpD",
      "tp_drive_id": "17V1lBr77aMwdDqvOp9uZtdbVyluAT1_K",
      "td_drive_id": "1C5i-9UNYJafT5naaalRXrnblDmkwBrlj",
      "other_drive_id": "1i10_x0iz_T8iOpqIQfTEO1OconLBAVmV",
      "exam_drive_id": "1S-WcJdadUcI5vQHy9QU84pi6DeOtKmvL",
      "group": 4
    }
  },
  {
    "model": "files.module",
    "pk": 10,
    "fields": {
      "name": "entrepreneurship",
      "short": "entrp",
      "drive_id": "1VxygHBdtO_13R1G12iMzOul-SK3kidNt",
      "cour_drive_id": "1eEbvC6AGj6pSdxVASssu7K_YIgzxtFAL",
      "tp_drive_id": "10USGKlIU4zzqP9SX3XNC_jiLMwqQkkJS",
      "td_drive_id": "1QB-lf2R8vX8WM4BwxLXNIKz9oLZu5zxb",
      "other_drive_id": "1AKBl7qQM1B0DxwQzE5uSTS1Fc0-jjCqP",
      "exam_drive_id": "1yolQ9bM85N05TpnrVb0p4vZp_VphaSBk",
      "group": 5
    }
  },
  {
    "model": "files.module",
    "pk": 11,
    "fields": {
      "name": "computer architecture 1",
      "short": "archi1",
      "drive_id": "1qx6zdI6FXMzxdKRDsKcmW4o543ySJaIz",
      "cour_drive_id": "1xqFDp_IkOQhKQCN0--VFgbITg_mRQ428",
      "tp_drive_id": "1R_9TWsNyR4YaSKieEcU8RrmHgY78O8Av",
      "td_drive_id": "1i9TWHXncG_eWtXSMLTZfNKkU1YOD4saY",
      "other_drive_id": "11Sq9m7nX-_wfb6HBRdVyKBeDlAqrUWRq",
      "exam_drive_id": "1RK-s-FrXQbCgq2G7jlm6-gPHwroqbDgH",
      "group": 6
    }
  },
  {
    "model": "files.module",
    "pk": 12,
    "fields": {
      "name": "algorithms and data structures 2",
      "short": "archi2",
      "drive_id": "16yNpQdVyh5pasLGlO7OSLrsXJlR09i8w",
      "cour_drive_id": "109m-Eb6bqWSeFDMvSlprpb4e-riAD8ea",
      "tp_drive_id": "1XSlOXuMcWyinnhP95kcLrVE_0BdXDs1-",
      "td_drive_id": "1QaajiPwR8nXqmNmq-cP9yNOjjS6UVU8K",
      "other_drive_id": "1mJCqPtPfZlUQ23Qir1PqooGyWfQizyCL",
      "exam_drive_id": "1BndF1q6RUYrSsXBMtyxRf7mF4ve4MUbh",
      "group": 6
    }
  },
  {
    "model": "files.module",
    "pk": 13,
    "fields": {
      "name": "Information and Communications Technology",
      "short": "tic",
      "drive_id": "1HhIg5QgGhC42ZJ1i1ql0M1DuWKfht3yu",
      "cour_drive_id": "1s4DkDLhcdZS3wgVNZKIV7t8aWIB9kFOq",
      "tp_drive_id": "1VNnSmv5sOuT9qVrpTUEfa_pvGoCKrbwu",
      "td_drive_id": "19rdg9s37PxVGdeWlIO0wpa5MZhIlMxuY",
      "other_drive_id": "1VTiIEynV6W156AbErr77IuclJ0buada1",
      "exam_drive_id": "15m8m0fXVtjSEx3yCeUAKyN9jE3ZIq61K",
      "group": 7
    }
  },
  {
    "model": "files.module",
    "pk": 14,
    "fields": {
      "name": "analysis 1",
      "short": "anal1",
      "drive_id": "1sDXiAlZKTuobXdgsbXPuIS9bXRBEnI5B",
      "cour_drive_id": "1hk_eXqbj4kEW8mBsyf5sM38wM8gDvy6B",
      "tp_drive_id": "1jySRqHa7rBUjkW8IXlN3tx-cOIQbIXkm",
      "td_drive_id": "1lMbWtKOBkQCjPxmai742rJZXMjhuHGOY",
      "other_drive_id": "1L12BfdtcJqelpahl8nTppXp9aOtSHuJL",
      "exam_drive_id": "1FWwJr3iRhqE3KNtsgq-lZpCdWG9Y5fvD",
      "group": 9
    }
  },
  {
    "model": "files.module",
    "pk": 15,
    "fields": {
      "name": "analysis 2",
      "short": "anal2",
      "drive_id": "1U_ZUlGnDhZq5tTM_EzJ9RvAlKVqEmpea",
      "cour_drive_id": "1Zrl2ahTxf9RxWfGuF0yMhZK5kt-OBIKE",
      "tp_drive_id": "1VEj6AWmEGCqbKkJ3npRHoH-3uzXtQK0m",
      "td_drive_id": "1Veozg2tkote8sEutIOAp906oXosI2LPl",
      "other_drive_id": "1nr8b09E5uQPS1f4uFkpDx6SXGJMYqlJT",
      "exam_drive_id": "1yNNpNzj3hvVDvC-7es9AMvRzq3z5EQJT",
      "group": 9
    }
  },
  {
    "model": "files.module",
    "pk": 16,
    "fields": {
      "name": "algebra 1",
      "short": "alg1",
      "drive_id": "1i48P6E66w1Hs_t89o9SyDcFS4ppTk05B",
      "cour_drive_id": "1BdcNqX9PwanzCyClRCB1Qy2NqpUHTxeS",
      "tp_drive_id": "1WxfJZAFTBfqWoFKFIUkf9-Pv7D0I6Xgd",
      "td_drive_id": "1M4IQVPO8ingNBWMceQgoRkXCXd-ihd8z",
      "other_drive_id": "1ygNC8VhETiSoXZd4oS4qtZBJq9F2-99x",
      "exam_drive_id": "1NpuyUFx9d4E-0jIXU2_oG_1Px91UPkAu",
      "group": 8
    }
  },
  {
    "model": "files.module",
    "pk": 17,
    "fields": {
      "name": "algebra 2",
      "short": "alg2",
      "drive_id": "1LkE7ARRlkAOrOJH1Gp1YEIfbhPUG0-Zr",
      "cour_drive_id": "1wkMFOZp_5MEpz70oFw8z8ne_woBiCAMG",
      "tp_drive_id": "1qOFT7vJMMpBPUn2cWXf8aPFXJnZgJZDE",
      "td_drive_id": "1O_4cYoDB5Ny1Kw-RgAT6IFSl1eFyy3Ge",
      "other_drive_id": "1RJU7txyEgxxKx4aCA--MQIIAyrcHcGj9",
      "exam_drive_id": "16oGsaDSAZbkO67AQ6exsnh1HhafuzHNI",
      "group": 8
    }
  },
  {
    "model": "files.module",
    "pk": 24,
    "fields": {
      "name": "Mathematical Programming Tools 1",
      "short": "opt1",
      "drive_id": "1Qj7DzwcxWijJG8Jq9cfXIuQn5kEii9a2",
      "cour_drive_id": "1SwBpJb1C3GX5FcMcrangXXC50Laa0UBP",
      "tp_drive_id": "1zCkZkRGXaFviAGHAQaKGI6U0V_D1E6XL",
      "td_drive_id": "1lsFlb5iRbkPnApM9YXF8_b6Tai-HcDjo",
      "other_drive_id": "11mAjs0wxxxR9nYjbmVHa3LPtl0qyXu_R",
      "exam_drive_id": "1clrJG419Eg96yG8N7nSmzdf8jq12RRse",
      "group": 11
    }
  },
  {
    "model": "files.module",
    "pk": 25,
    "fields": {
      "name": "Mathematical Programming Tools 2",
      "short": "opt2",
      "drive_id": "1YFcqbNqeFD67DYdDwwlFRXf0MQ55vwyb",
      "cour_drive_id": "1DLIdo45DxNLxYdqryEFtdyl6YHdAFjWV",
      "tp_drive_id": "1FB3-h0FlkhtTad2CuTfoIFyvUGL_sAgt",
      "td_drive_id": "170s_ySosaw8ZubGBYUe2GSDr7eA8P_45",
      "other_drive_id": "1rznMLooDTfeq_wEnolcNuVuQ3wM6vOy9",
      "exam_drive_id": "17tBWepmNgBp5Qup_s7dmSPbWVupo9OaJ",
      "group": 11
    }
  },
  {
    "model": "files.module",
    "pk": 26,
    "fields": {
      "name": "Mathematical Programming Tools 3",
      "short": "opt3",
      "drive_id": "1YFD7iLO-NHKp8aWhv7Y00Xl5oLgNg_vU",
      "cour_drive_id": "1Gp7jH5hXIIjrNMLHnoom_r1o4cyTHOBR",
      "tp_drive_id": "1Vjz1_43-FcTUs0fqgESS_vAxKJCs6Js3",
      "td_drive_id": "1fPU0aLYvIRFuldLIUe_aXrW_XhyDOrQ0",
      "other_drive_id": "1nGHj6cvAUEYp02Oi6Hm11gqkNDnUnFeL",
      "exam_drive_id": "1pTnCYjFr-sWDn9YImEbMeXnqhS8Z98ci",
      "group": 11
    }
  },
  {
    "model": "files.module",
    "pk": 27,
    "fields": {
      "name": "mathematical logic",
      "short": "lmath",
      "drive_id": "1qWi3F5qoHcoAQZZI7gif2wXmHgwehJHf",
      "cour_drive_id": "11NWr5kOeHXudGIfFM4Dbc-Wcc4aBVi9T",
      "tp_drive_id": "1DpPoAYwInhpSi0NcKupQr-zla30V0y52",
      "td_drive_id": "147aOnZKEpVz9XGHXhyOZusbdTRFCcBJW",
      "other_drive_id": "1naVq7YIWH52yRXPUZKfh4qVmkiwE2JnK",
      "exam_drive_id": "1ZByq6r6Wt50pHWE2rBcvLbwKZdxXoehP",
      "group": 14
    }
  },
  {
    "model": "files.module",
    "pk": 28,
    "fields": {
      "name": "algebra 3",
      "short": "alg3",
      "drive_id": "1b_uVWSf_IlAM9HQNVDqZpkcs0LlPFA_n",
      "cour_drive_id": "1xRub_6VMiyaMNpo2Oe8loSwcMivxqg5U",
      "tp_drive_id": "1cL3Fs6ydrC0ScWJD17s9YQFFsgJyzBRT",
      "td_drive_id": "1l6hzlrzVbRy1MvIjX3Vr_HpCtmckce9N",
      "other_drive_id": "1hVKFp8kCBxFOcpty7sTtYKw4c_9CjWpO",
      "exam_drive_id": "16pZrd3npNu8mqiTmnd_Wc7QUZZUo7FaC",
      "group": 8
    }
  },
  {
    "model": "files.module",
    "pk": 29,
    "fields": {
      "name": "algebra 4",
      "short": "alg4",
      "drive_id": "1kKjuQ9pp_zb4NhEv0ao_OEjFhmE-Aze0",
      "cour_drive_id": "13H-Y9rT6ZHzOi57JOeiyd78US0y_YuDl",
      "tp_drive_id": "1FS-fL4FCZsIJgUIm69_8LFHgLykCYWBp",
      "td_drive_id": "1Cx1DfsXg7JjnIZVZnZbK-2eKofcuf6-I",
      "other_drive_id": "1Hu0ay05nblNRqc5ocDUDXw-soflPaKgu",
      "exam_drive_id": "1mBPEid6iFRj59KRRuqoH-uuvqn2ta5lc",
      "group": 8
    }
  },
  {
    "model": "files.module",
    "pk": 30,
    "fields": {
      "name": "probability 1",
      "short": "proba1",
      "drive_id": "12jeMP4uuKiu6Uj6Hu2tnpbUNYgMSQtFr",
      "cour_drive_id": "1e9i9hieZob8EUXVrRhDNYUGOgIfSwdJ0",
      "tp_drive_id": "1QK6508_zgeqd2s25wtlrV9PGgRbNV_zQ",
      "td_drive_id": "1xBei7Az_Lne_H06JL-hMtsroLjYVoG49",
      "other_drive_id": "1DMIPapGKIEGKWKqdTIywfQ00qHFkdD89",
      "exam_drive_id": "1c6oOZYTAcg-DVNAd01qSs9eaeAYVnnjk",
      "group": 12
    }
  },
  {
    "model": "files.module",
    "pk": 31,
    "fields": {
      "name": "probability 2",
      "short": "proba2",
      "drive_id": "1ee3BKHCnnTM9cnnP0DhqetWgrxZCnXzi",
      "cour_drive_id": "1WanWOV72mePByCiWndyz81g9trsU1E7j",
      "tp_drive_id": "1AbJjK96_GLEb6-qeQ-nPPZ9jQKPLbLVB",
      "td_drive_id": "1dfeUE8SBbU_FoffJHiVYgL1tyEmlr_i3",
      "other_drive_id": "1B7jKr0CsB2RqfxpO_k7S8Dk1o1SWiqbf",
      "exam_drive_id": "1om1DyOLT4Z69TTTjXESU1oHeMnwnbLaW",
      "group": 12
    }
  },
  {
    "model": "files.module",
    "pk": 32,
    "fields": {
      "name": "statistics 1",
      "short": "stat1",
      "drive_id": "1rjPdS10SpYIhdXenPFDOql7wYBxFnhcW",
      "cour_drive_id": "1A8vQoRBGTESM0iyDmBS_FM78XGfRCtij",
      "tp_drive_id": "1ynHPuANCZEwwnhvx_MtmrlYzTdqqOaBn",
      "td_drive_id": "1KnVUWbpeKqQRDNjwNAum6adqGZ3TBHgR",
      "other_drive_id": "1bhXf84DwEUHEwiTj6JRQZ8W1AzwzOVh5",
      "exam_drive_id": "15B0TCSflf36AbIKQZfSvwRq17dYDu1O0",
      "group": 12
    }
  },
  {
    "model": "files.module",
    "pk": 33,
    "fields": {
      "name": "statistics 2",
      "short": "stat2",
      "drive_id": "1xp0ZgW3ontqTKFz5_qFaj6aw66UrrzBf",
      "cour_drive_id": "1-NOtJ1myVjz1NrjjDA34ADcyW-7zuJOU",
      "tp_drive_id": "1NDJJQRY8f_hjG3kVj5lWgX2pLzTgwocQ",
      "td_drive_id": "1W78F7VwndpgxSqH3-4aDLZgAJvyBhGtX",
      "other_drive_id": "1GO2vlHv8D8V6fx7fTRCYQLOIbsDYRYuU",
      "exam_drive_id": "1o0EXb1ymPXZwOPJoCIeuCAhkRjAP3rSC",
      "group": 12
    }
  },
  {
    "model": "files.module",
    "pk": 34,
    "fields": {
      "name": "mathematics 1",
      "short": "math1",
      "drive_id": "15hBmbsN-LgR67uj0sJ7Hfh_TnLqXN14W",
      "cour_drive_id": "1IYdkRfOFfKcBSP5KlHfzEcZOzq7g0ukT",
      "tp_drive_id": "1re70eIP0g-h76L1UZ2BKBgCfBx7so0TL",
      "td_drive_id": "1dEYnHzfKbd7Oxf4iqAozhveEA1mSveVx",
      "other_drive_id": "1BF5UP0gRmH8tMqZ7_MZgbVAgpyyHDofw",
      "exam_drive_id": "1UIyI8T0oG152VUhLohUkzMGd0kcZzWhN",
      "group": 15
    }
  },
  {
    "model": "files.module",
    "pk": 35,
    "fields": {
      "name": "mathematics 2",
      "short": "math2",
      "drive_id": "1RrZ5aYQp-cseouHdJFeQOUC2AL9Ue2hw",
      "cour_drive_id": "1RkFy1SYF4MDBtNlkL_hg3odscndSDtwy",
      "tp_drive_id": "1uqC7bLI1P34fDULBWuIfnu-ZWw0PYkPQ",
      "td_drive_id": "1zVdi5uiy3XScduq5r4VdBjqsflQiBeb4",
      "other_drive_id": "1Qd7UaHhm8sZgYIsvfU3ZBZYV8G0KyeDg",
      "exam_drive_id": "1SYL3oeptveB6UliaJ_qHtf1gMfx2ARt8",
      "group": 15
    }
  },
  {
    "model": "files.module",
    "pk": 36,
    "fields": {
      "name": "mathematics 3",
      "short": "math3",
      "drive_id": "1QB4ad1AX8EAcEcNAfKdnKc_EuLmq2_Dl",
      "cour_drive_id": "1aKWgTiSU3jw9fMxgT8N-yQYIn7M-GA8f",
      "tp_drive_id": "1iFJ8ek10KJbAYNeHWtSFtI9Pi-ORWbD5",
      "td_drive_id": "1Y2uZcB26n-qAV1rvA6C-n_IlBRL_00iG",
      "other_drive_id": "13_7kBEgHsINdRz8Alz2hn1lu8pVtJouC",
      "exam_drive_id": "1Ac_WjqM93KhIgdm1Xuq2bV6Ijq1VVFS5",
      "group": 15
    }
  },
  {
    "model": "files.module",
    "pk": 37,
    "fields": {
      "name": "mathematics 4",
      "short": "math4",
      "drive_id": "1wldmiZsnpwW-qziYV9oQMFZcwBAm6xBB",
      "cour_drive_id": "1m1CPzb_2g1o-pczp5CaC_zTWnidu18BP",
      "tp_drive_id": "1xWbJYXjwTKnnDk8jonH2ZlFCl7igwFn_",
      "td_drive_id": "1yfF6T7XmDTQ7gZ1CE_hi4C6_WsSAYV93",
      "other_drive_id": "1IQilwJFBhCWH21NThc8FDLpWqoDSCuis",
      "exam_drive_id": "1ZVY7bYQjLJ2mrNqzH2upAlGEMV5TNvaz",
      "group": 15
    }
  },
  {
    "model": "files.module",
    "pk": 38,
    "fields": {
      "name": "point mechanics",
      "short": "pm",
      "drive_id": "12X3_8ic5z-wwGEvsm30HLca1bjtDr38y",
      "cour_drive_id": "1rQ4pkmp8pV3Xm6jdy5yGpgiI_Dfc7Cuh",
      "tp_drive_id": "1TYnDnQ3esbEfxwZhDG_ovMM1cGmYpTeX",
      "td_drive_id": "1_vxsk0pHioiYs4DFgE1r6VahCpAEKEdl",
      "other_drive_id": "1b6YwX4nqMrS4lOvfrQ8kRIXvftqgKW8I",
      "exam_drive_id": "1WAZ7g51C39GMc7SWspspn4mV9oUaRyBZ",
      "group": 16
    }
  },
  {
    "model": "files.module",
    "pk": 39,
    "fields": {
      "name": "analitical mechanics",
      "short": "anal-m",
      "drive_id": "1vx0M8arOlur5IHUwytxadKhkRydIBGal",
      "cour_drive_id": "1OmTobsjgUowAX2cVhKZMlSORzRBxHvnU",
      "tp_drive_id": "1BFMLeynppMV0wyUdQQVcTh_OFTh-FsI-",
      "td_drive_id": "1JG6fMmTOL4YbKSb2Zp7zwOIfJDZ5aRYY",
      "other_drive_id": "1i6y9r5TP4K8__dpuBwjua7Id3emSTNTP",
      "exam_drive_id": "1wFIAIAVMEPQ5pYCXiNcOaCs9ccED91IX",
      "group": 16
    }
  },
  {
    "model": "files.module",
    "pk": 40,
    "fields": {
      "name": "vibration and waves",
      "short": "vw",
      "drive_id": "14_Sm66lnlreaBcreuGvYj1YN7RCX4jMt",
      "cour_drive_id": "1v6Gsnuv6qBYRhBHIa64_0RVexu2FrzmL",
      "tp_drive_id": "1gfPlGP_kTuYh6LRiw-0WmCC5M5aW-51n",
      "td_drive_id": "1Jmv-fX20ShaPgZabABFj_0JfPsvDyklE",
      "other_drive_id": "1MczSljUTC-nCEeAU4dRYbOTrJxiixJrV",
      "exam_drive_id": "1f95YTEogTLdxsAGWlJZ38ewM_OUHy1eW",
      "group": 17
    }
  },
  {
    "model": "files.module",
    "pk": 41,
    "fields": {
      "name": "oscillations",
      "short": "osc",
      "drive_id": "15hm7C-dtspGxtT9RGjdiZaaJUtCEQGg-",
      "cour_drive_id": "1y8WMl4zWf9cpto0GdhPYIj_hE_AqE3Yb",
      "tp_drive_id": "1otpVHsVv_cTBpUV7bc8dJgJ3epym9L07",
      "td_drive_id": "1-hHkoF9PX1nYis-ltAYAVNJiletzqwrA",
      "other_drive_id": "13NMKsvLcbJVD8h-xcLrXoQa_h2KGw8Q_",
      "exam_drive_id": "18NH_g-VdPlc5GNxig57Vj6aXFQKLN8pb",
      "group": 17
    }
  },
  {
    "model": "files.module",
    "pk": 42,
    "fields": {
      "name": "quantum mechanics 1",
      "short": "qm1",
      "drive_id": "1VtMg2zMJg31nKKNAvwxVFmGoStLf6vpD",
      "cour_drive_id": "1t4SXU069wcm_EuRMm5i2-Ut5xwHy1pFw",
      "tp_drive_id": "1SBVEBmbaZ4xHFGPsZTZW23qgiuOBUk4O",
      "td_drive_id": "1dOfUMv_IRMRDxtBRAd1ate7guokvo1MY",
      "other_drive_id": "13xvFrs2acmbndFczf8Ikb87ePfaVUCfT",
      "exam_drive_id": "1vKH-0ppTaRWeI3OM9NHmUH_AVvDhgpY3",
      "group": 18
    }
  },
  {
    "model": "files.module",
    "pk": 43,
    "fields": {
      "name": "quantum mechanics 2",
      "short": "qm2",
      "drive_id": "1yLo6aEKxDfr4m0nxAB7LrrEVswxeR9o2",
      "cour_drive_id": "1rZhb9sGAfMj0-6rCzwQXUwg5MSocYvdg",
      "tp_drive_id": "1RkHnFKXkIqgqaM99G6XSXVwPZf3UE60G",
      "td_drive_id": "1z_mTlbg8q2OLbEjvf4WdalFqol6H0gJ9",
      "other_drive_id": "1e2mlekIi8-9ghHM-LG41oZHPuPUp-2SR",
      "exam_drive_id": "12ADbGsL5-3ICF201a3GUUV1c9cLIJyHa",
      "group": 18
    }
  },
  {
    "model": "files.module",
    "pk": 44,
    "fields": {
      "name": "electromagnetism",
      "short": "elec-mag",
      "drive_id": "1G1uPaEcMh2mlB5TzPdfvbRVJSnTcQ3sA",
      "cour_drive_id": "1Mo1RTcHU4HqVY65i2HeCUmiS7SJxhKxD",
      "tp_drive_id": "1IAnTyyn_-93lIlPrlwfkBM1TynMuCzfZ",
      "td_drive_id": "1vekiLuAD1CzFxgn5Hn3LyVFS285nS17U",
      "other_drive_id": "1B8Xcji4BJTwklruhN3L_v6iyWYmssjMm",
      "exam_drive_id": "1Y5AVg59GaABDE5d98pZV2f_OZuMMW2FC",
      "group": 19
    }
  },
  {
    "model": "files.module",
    "pk": 45,
    "fields": {
      "name": "electricity",
      "short": "elec",
      "drive_id": "1Uq2P0fPGhc_jjxkkCXp43DYWqIK6IBPw",
      "cour_drive_id": "1brSIuidwD4J2WSeMHoNHlKfgCLD3nVrF",
      "tp_drive_id": "1tpEgMzi0KTYX9pk1s_GGNRgcsUApozDL",
      "td_drive_id": "15pPNjUY9lIK8Cj0-3bDOMBvkwAKJV156",
      "other_drive_id": "1FhyELRQn2fOxrc7AYi5kEbvTjMuEIgA_",
      "exam_drive_id": "1jpVjmvsEu1oF8u8uYWxQD6ypy-GEqtn2",
      "group": 20
    }
  },
  {
    "model": "files.module",
    "pk": 46,
    "fields": {
      "name": "electronics 1",
      "short": "elecn1",
      "drive_id": "1uPIiPc4Le8LT3D8jqta_TS14WLbayVG_",
      "cour_drive_id": "1UdEVYGK8lJND-ysErFGRhh0-56klVmhM",
      "tp_drive_id": "1qhKgHFGMtGt2maGrK-IRQi4PumkCbFd2",
      "td_drive_id": "1NYkZfG9AeUDDQZ6qBHhQZYiKWbDCA2Ur",
      "other_drive_id": "1AnHdeJ8-vqejsiQqdx5FTAdl51ag4O70",
      "exam_drive_id": "1KPN2Oj3D3Odr-UYH-5ZA_yXqU783-PQY",
      "group": 21
    }
  },
  {
    "model": "files.module",
    "pk": 47,
    "fields": {
      "name": "fluid mechanics 1",
      "short": "fl-mech",
      "drive_id": "1_RQSybUNBk9esmw2SuxyZmU0T35SO5CI",
      "cour_drive_id": "1FR-YFjNLBk1kbPJyE90OxcmICwhrydZc",
      "tp_drive_id": "1-z_tf5v9T5VykIommeSTFUjv7UbMCL98",
      "td_drive_id": "1b3v0p3LQEo9w7BKMCV5x-BX7lIq5eABT",
      "other_drive_id": "1VRi75p3-0OB8emTAdN2cHiqsBiPxI9Mh",
      "exam_drive_id": "1IGACF2Oeczj9NQE62dve2vOmiz6byBPx",
      "group": 22
    }
  },
  {
    "model": "files.module",
    "pk": 48,
    "fields": {
      "name": "notions of astronomy and astrophysics",
      "short": "nota-astro",
      "drive_id": "1IO-nsr4Cu9wGLh4zod1UBZOV8tb9FE4L",
      "cour_drive_id": "1Gp53RGlEDdtPLqrjTsZL6eN08PR5JyUe",
      "tp_drive_id": "1tu2Uf46Eg41mZJtsTuwHDAKQFomK6Swc",
      "td_drive_id": "1UNpOxuFJ8BAKOD5UmV8v7ibZFCnacF9r",
      "other_drive_id": "1GRDM4s_zcrtY79RYsz1f9x3VpbCaOS_f",
      "exam_drive_id": "1zjbeN6yIhJwOX4QctJGGOZLtTDSuhDgP",
      "group": 23
    }
  },
  {
    "model": "files.module",
    "pk": 49,
    "fields": {
      "name": "spectroscopy",
      "short": "spectro",
      "drive_id": "1Cc9aFdW0QPWw3F9BeDaB-FQ-D3Q4gFA-",
      "cour_drive_id": "1_982obdUW7Zw8_92UgPXCZCMZoBmO0-E",
      "tp_drive_id": "1sHO509avlOWgZ8QGGQXlnQx82szSglVi",
      "td_drive_id": "1PU3SwBhUZVSQn5Ua3rR4zlFsv8jaEAeC",
      "other_drive_id": "17UkAzF5wrcfQnPdZY-7QPzdD8JjdLpN-",
      "exam_drive_id": "19UdEJKUjUogB8PMpl1jc3XMFE7bOX8FX",
      "group": 24
    }
  },
  {
    "model": "files.module",
    "pk": 50,
    "fields": {
      "name": "geometrical optics",
      "short": "goptics",
      "drive_id": "138HZ8rXK7s1EO1skX9mgmH782w6fbOBs",
      "cour_drive_id": "1xW_PVKRZhidLk5LYCSElZpeuxz9vx2lP",
      "tp_drive_id": "1ZIdJGJf7xTq9DcWu45S4oU7ZjXHME4X9",
      "td_drive_id": "1x2wcT7sTMViI2Rosl8TaA-53Ye4DTvOO",
      "other_drive_id": "1YH_kEf4jQUv1kHa8mI3cjNIQiNgguFMQ",
      "exam_drive_id": "12rpmBJCzSgCOhTxNDaNAnPK1qJ7iv03o",
      "group": 24
    }
  },
  {
    "model": "files.module",
    "pk": 51,
    "fields": {
      "name": "physical crystallography",
      "short": "phcryst",
      "drive_id": "1elfgW08lprkDNQyMbpXPUkrSSW6K55H6",
      "cour_drive_id": "1S_B01ejJCn69Ui2ViLtT020uV50m6loX",
      "tp_drive_id": "1NLf3MTn_5a-EolbqKkWzmzgXKjQyi_vH",
      "td_drive_id": "12uqgcwAM9QqazUk-chbc2VDP1I2Xw7Er",
      "other_drive_id": "1CpSrAtjR_j-yRuTPjgxfX5SuxdIN3zGh",
      "exam_drive_id": "10-QYuwP7pbntzdfct23y6dGGf8CVt-u3",
      "group": 25
    }
  },
  {
    "model": "files.module",
    "pk": 52,
    "fields": {
      "name": "analysis technique",
      "short": "anal-tec",
      "drive_id": "1KrnoCVeFjclHtrjZmC7Rw2TdnBee5Yoe",
      "cour_drive_id": "1Vzm9shhWNVJ9vc7NUA-jimfDMXZj8kzs",
      "tp_drive_id": "1RXUlanxY8HghI7SNofW665k6MLmt6BmZ",
      "td_drive_id": "1mcyfEFRQEsukyj0EiBlNIKFAU6kVkX2E",
      "other_drive_id": "1FW3HCsZFJOuISA4XmAKc-cb4Se0gFW8f",
      "exam_drive_id": "1mo_y6JrFfs6GWeDAKtRwQ65ul4JximEg",
      "group": 26
    }
  },
  {
    "model": "files.module",
    "pk": 53,
    "fields": {
      "name": "material structure",
      "short": "ms",
      "drive_id": "10RFwrHqM8dpkjz3pkcX1kz5x8YFjF1Vq",
      "cour_drive_id": "1Xha3GnPunmkXb-vzRaQZveP3g8lyzekf",
      "tp_drive_id": "19k8Mlw2FxRCfnVEoKzNpnWxipLgBSUOS",
      "td_drive_id": "17UI4z3advp6GjFGrg6GlLGbipDp9D8G1",
      "other_drive_id": "1rgyMpd6Oozl8f_N_gjtff8T7HP0rubdc",
      "exam_drive_id": "17HVc4PyT6-FUGsIdVsdqf4KRRYLOTB5_",
      "group": 27
    }
  },
  {
    "model": "files.module",
    "pk": 54,
    "fields": {
      "name": "thermodynamics and chemical kinetics",
      "short": "thermo chk",
      "drive_id": "1r9zbRLJHg-1J0Z85oIB456EwLFOv3uX1",
      "cour_drive_id": "1ImwXuFsPCioNUp2Z_WkS9DDgiSVyh78q",
      "tp_drive_id": "1DCQUbS-q_hGLxWJDBclE2ydk3hj2gDGn",
      "td_drive_id": "1mt4uT33yqde_IcG0CyE-CfVyEUeLyTel",
      "other_drive_id": "1nDw8OTaFxG58f6poL4Sd_7nnyNTboZBE",
      "exam_drive_id": "16ZBYe2AYBpwQ_aP2fe_0VlgLMVGK9pRJ",
      "group": 28
    }
  },
  {
    "model": "files.module",
    "pk": 55,
    "fields": {
      "name": "thermodybamics",
      "short": "thermo",
      "drive_id": "1nnjvOOvPcmLzxgJXLszkINBO-fZ1MrQf",
      "cour_drive_id": "13ORtdgv70YufgCZKy87xLnUHlnrQo6mo",
      "tp_drive_id": "1vlq6TSNsacVUtMISfI3hp41Dvtbs0Ya-",
      "td_drive_id": "1itv5L5KnOOYpRBYBu5z8fxdGy4DR9jQS",
      "other_drive_id": "1GOqF5Vuc1wZqDc4mfoNbGlVHma6AWeZT",
      "exam_drive_id": "1XcOcf_HpPh6PgJwwLSgyo8rFvQ3SKCfo",
      "group": 28
    }
  },
  {
    "model": "files.module",
    "pk": 56,
    "fields": {
      "name": "mineral chimestry",
      "short": "mchimi",
      "drive_id": "10ZKT2iWWcO_dTD6Ji7Gc3D0sEJ1XYWYz",
      "cour_drive_id": "11REoAlqeSFEIHEFuofyYBU3FIyg8xO2j",
      "tp_drive_id": "1WY4D9Vifo9tRGzIhxcDjKE2PTh2w9Y5S",
      "td_drive_id": "1R8Eu_luJDrVkzhW6bfQdeJ8KsTZTwzVC",
      "other_drive_id": "1sm-PSdaioHcficqMk0ZkimHWWMY6VCu0",
      "exam_drive_id": "1Ms5TMCTTiJMmV3YgurjFG2EeTtGRUh_v",
      "group": 29
    }
  },
  {
    "model": "files.module",
    "pk": 57,
    "fields": {
      "name": "informatics 1",
      "short": "info1",
      "drive_id": "1pkZDXYcGAeKY9ub9hMX1YLHHZFU_vxmq",
      "cour_drive_id": "1fM8v788XAA5iPyo9pTI6Ai9RPqLV5dZP",
      "tp_drive_id": "1oVwy_Rc87ZqNonQjhbjDxrKORrx3cYiF",
      "td_drive_id": "1-BDQIEznPPUageezP8GG46zX1Nn9HVe4",
      "other_drive_id": "1zAqxzpihFIjXmlZiVYBnz8uJdEkC-00_",
      "exam_drive_id": "1MHLEc18oM33P6P08LB_AXDm265LQEs3h",
      "group": 30
    }
  },
  {
    "model": "files.module",
    "pk": 58,
    "fields": {
      "name": "informatics 2",
      "short": "info2",
      "drive_id": "1mPs4qu4hal9PKir3Whk2wEJKHDtiu9Eg",
      "cour_drive_id": "1HLgblQFpNUzncfxttWwmrwikFulBsSbz",
      "tp_drive_id": "1VyV-n-3gBCo1DfMrknZraucVW8EvJQKd",
      "td_drive_id": "1FX799F89CfO8Hy6uwPXgfj-1UwZ219Ox",
      "other_drive_id": "17dhyvNrsBb4JKXvWwVLHeM41ekWM_F4U",
      "exam_drive_id": "10-mvL04GVJvz-7EIsF9ZfJNW8BV3d5m8",
      "group": 30
    }
  },
  {
    "model": "files.module",
    "pk": 59,
    "fields": {
      "name": "discovery of university work methods",
      "short": "wrk-mthds",
      "drive_id": "1H5dDt5hHdNGRLwD_86epfcH8OsA-ZSgr",
      "cour_drive_id": "1Ob7VHohRTDjIcdMgwdP9om4XEyyI5YFq",
      "tp_drive_id": "1a-mQn7O7MyBooeudHrZT-TETEnj-ibmO",
      "td_drive_id": "1Gb6EaexOvPH52TfQemQHXhQTc7wpwmNP",
      "other_drive_id": "12DA1FpGakPZigAnZT0Jda8yGXAgNuo7I",
      "exam_drive_id": "1eCsOXlrr41IXtXYeccQK2xQof8I0uwtw",
      "group": 33
    }
  },
  {
    "model": "files.module",
    "pk": 60,
    "fields": {
      "name": "environment",
      "short": "env",
      "drive_id": "1SsM-4FFjfijIs0pUl7BhBg3IwzXo690S",
      "cour_drive_id": "1RNUbftq77IDIyydQVS5JLKSj7oPqCqnG",
      "tp_drive_id": "1WvA-En_Df-D1AN4NnJlTQS9c8DYFtDkt",
      "td_drive_id": "153rTXaxDLFP9W0Suk8Dker8pm-5sa1qD",
      "other_drive_id": "12pa8iXz2El-7RXOeoIJBi-zKNPor95tH",
      "exam_drive_id": "1HXOLAWMfLei4wJyFD5K86U0lZo1zylxp",
      "group": 31
    }
  },
  {
    "model": "files.module",
    "pk": 62,
    "fields": {
      "name": "biotechnology",
      "short": "biotech",
      "drive_id": "1vm0eEr08beiltrTi9h4bVa4maYgNBq6A",
      "cour_drive_id": "1AtoYDKJhH7xZ2RHmOWw_S2wxwZLkqKH5",
      "tp_drive_id": "1QKUwqpShQyXz-yrBOh1mpj89YdBrOb96",
      "td_drive_id": "1oEFMiOVHKZZ7Qq3NRO62xWzmA2tpsV3q",
      "other_drive_id": "1i2XNpOdoFJzLFHdOh9_p2toKkxvytm_E",
      "exam_drive_id": "1gT0869VKdYBx41ZHfQccmjHW1w3KcEOF",
      "group": 34
    }
  },
  {
    "model": "files.module",
    "pk": 63,
    "fields": {
      "name": "renewable energy",
      "short": "ren-energ",
      "drive_id": "1rTMOlnEmtgVca5ZgoPxRrU_x94PhCdxj",
      "cour_drive_id": "1DDLZRppks4CYWP0wvlpKPced1SkfQTet",
      "tp_drive_id": "1XJe_3RM87cozCPCsFiNgdp8oXpDZ0ryo",
      "td_drive_id": "1au3wmVFECh-lBS6xHYXHsWAzvmfkcbxu",
      "other_drive_id": "1BQyhpwBa7oHvfMiwnEbkn1TXhXyl0aBB",
      "exam_drive_id": "1euyfYtywA_N9WrWc8oXMmv_SSXpZ_gCs",
      "group": 35
    }
  },
  {
    "model": "files.module",
    "pk": 64,
    "fields": {
      "name": "history of sciences",
      "short": "h-science",
      "drive_id": "12qI2kYdhBUR0HsUkeNx04iG9n8vUbPg8",
      "cour_drive_id": "1dT9aODkQvShQeC68MYQ-YpC1bCv9Mnaq",
      "tp_drive_id": "1eoBH51mc6IcQwAk2uovWeHYXVF9a-02z",
      "td_drive_id": "1lQ0CI69RXYeAM1Y6j8jdsag3EdtsdsP4",
      "other_drive_id": "1E-c_qqS1E7mYHI7yDVYDb33wvI1Bn98-",
      "exam_drive_id": "10V6mfyg4YxTEydCkysYzujaLrN2IpNEb",
      "group": 36
    }
  },
  {
    "model": "files.module",
    "pk": 65,
    "fields": {
      "name": "history of physics",
      "short": "h-phy",
      "drive_id": "1mVo7BEjIJx-NGO2Mircz-Mk2fo_BLhXb",
      "cour_drive_id": "1N6NUpfIDpesbz4XCbgn4S7VEfnSesRIO",
      "tp_drive_id": "1Pe90oLE38NzuHr5bb5vUYRRNPLl0iM8E",
      "td_drive_id": "167oZ8MlquwVmtjMjcJue69BNqDUgpZG5",
      "other_drive_id": "14O6Cn8kjSyakQ3jYR78Eh_VRqrhsy6lB",
      "exam_drive_id": "1jpIfk6ths-vFhi3XwA4U82FO5f9lkgcH",
      "group": 36
    }
  },
  {
    "model": "files.module",
    "pk": 66,
    "fields": {
      "name": "enterprise economics",
      "short": "ent-eco",
      "drive_id": "1P5UgzcoNx3XjMJ2u7-AsA9PqkFENrEpB",
      "cour_drive_id": "173x4dg3dRycyR57qrVC0GgkrAav3DZ1r",
      "tp_drive_id": "15FS_-mHr4nKhBeCPfgtgyxwpBY5gFYuy",
      "td_drive_id": "1rZzwNHcNE0D1VYu4v5Llffw0EZP7x9Cd",
      "other_drive_id": "11ze08Vs1Ylbdz4BWTtvP_te6ILHkRgDj",
      "exam_drive_id": "17RZ5agqcbxBLmNjNjoXIFr_j-FpI9U2P",
      "group": 32
    }
  },
  {
    "model": "files.module",
    "pk": 67,
    "fields": {
      "name": "writing methodology",
      "short": "writing",
      "drive_id": "1ww1m1vAtppdwg48YDz2diurf2pSvIOAD",
      "cour_drive_id": "1YGlEfv1Gkgv147Y9SPEDYY1ikKm2UNTz",
      "tp_drive_id": "1LtzAvnq9OBOOnhAvrtc7ObxBoHnFKzYH",
      "td_drive_id": "1WBPM-ArDa5YdvR8ILXRqr7TXNgN1Ke7c",
      "other_drive_id": "1a-sGoFqQQjxFwro9HHTc3IMrthKKaI_7",
      "exam_drive_id": "18XO5H4TUBMk2fJM-BZ9BvM9igLm6PWye",
      "group": 38
    }
  },
  {
    "model": "files.module",
    "pk": 68,
    "fields": {
      "name": "presentation methodology",
      "short": "presenta",
      "drive_id": "1t9sybes1YAyzopL-zdGImx6qWTFLDhgI",
      "cour_drive_id": "1ewSh5azy6VD6mdkdqxigOMJswkBFOacn",
      "tp_drive_id": "1o4qIJflH_O9TlvxWcBpRJqpjPv_Ftrqt",
      "td_drive_id": "1kykq03cLo9L4d3cfL8qo_evdM5Uahi2O",
      "other_drive_id": "14ZfFZA1LkrrDkFHDQePYLNPnNYfCLiaF",
      "exam_drive_id": "1o8iOQyEVrN9tZVjW2VtIdOrLM8GfKsO6",
      "group": 38
    }
  },
  {
    "model": "files.module",
    "pk": 69,
    "fields": {
      "name": "careers in science and technology 1",
      "short": "careers 1",
      "drive_id": "1rWp4sVwxEl8Gtkt-BFyKUkn-FyZHm0jJ",
      "cour_drive_id": "1ogpMj-k5ovkfs7zvsaW4M_N1qYsudIbm",
      "tp_drive_id": "1hZaiVCMxMAieJD0zH6ytdojnlzbBB3d6",
      "td_drive_id": "1JnUX3c5U_0yd2CqrRZ24oldQOIZCfhNZ",
      "other_drive_id": "1MmNNAV1a0H4kjETgwHsSxUliNvTQEvX9",
      "exam_drive_id": "1qURUV6OFR37Q1mXmZZOWjk1SlyS1YZoK",
      "group": 37
    }
  },
  {
    "model": "files.module",
    "pk": 70,
    "fields": {
      "name": "careers in science and technology 2",
      "short": "careers 2",
      "drive_id": "1eBZ67RxIfjmv7AqOhJ5u9jbIg5wYPEyH",
      "cour_drive_id": "1p2vc2qmhRnZaoKRxF70Y_8yXOB1Lxa95",
      "tp_drive_id": "13Zuc7W42JYjBOFH5VTUg_gIdmVL_TWsu",
      "td_drive_id": "1R1Yl1ZwqXxOaVaFi_xZYs5mj7YRjkVX6",
      "other_drive_id": "1HgRkAtGr2_Owq2Yt9nJNf39S8ay2Bird",
      "exam_drive_id": "174yhdCBdvdst80T2viTHzIGXjJs1UKcS",
      "group": 37
    }
  },
  {
    "model": "files.faculty",
    "pk": 1,
    "fields": {
      "name": "computer science",
      "short": "finfo",
      "modules": [
        2,
        3,
        4,
        5,
        7,
        11,
        12,
        13,
        24,
        25,
        26,
        57,
        58
      ]
    }
  },
  {
    "model": "files.faculty",
    "pk": 2,
    "fields": {
      "name": "other",
      "short": "other",
      "modules": [
        7
      ]
    }
  },
  {
    "model": "files.faculty",
    "pk": 3,
    "fields": {
      "name": "biological sciences",
      "short": "fbio",
      "modules": [
        7
      ]
    }
  },
  {
    "model": "files.faculty",
    "pk": 4,
    "fields": {
      "name": "chimestry",
      "short": "fchimie",
      "modules": [
        7,
        53,
        56
      ]
    }
  },
  {
    "model": "files.faculty",
    "pk": 5,
    "fields": {
      "name": "civil engineering",
      "short": "fgc",
      "modules": [
        7
      ]
    }
  },
  {
    "model": "files.faculty",
    "pk": 6,
    "fields": {
      "name": "electrical engineering",
      "short": "fge",
      "modules": [
        7,
        45,
        46
      ]
    }
  },
  {
    "model": "files.faculty",
    "pk": 7,
    "fields": {
      "name": "earth sciences, geography and terrritorial planning",
      "short": "fst",
      "modules": [
        7
      ]
    }
  },
  {
    "model": "files.faculty",
    "pk": 8,
    "fields": {
      "name": "mathematics",
      "short": "fmath",
      "modules": [
        7,
        14,
        15,
        16,
        17,
        27,
        28,
        29,
        30,
        31,
        32,
        33,
        34,
        35,
        36,
        37
      ]
    }
  },
  {
    "model": "files.faculty",
    "pk": 9,
    "fields": {
      "name": "physics",
      "short": "fphy",
      "modules": [
        7,
        38,
        39,
        40,
        41,
        42,
        43,
        44,
        47,
        49,
        50,
        51,
        52,
        54,
        55,
        60,
        62,
        63
      ]
    }
  },
  {
    "model": "files.faculty",
    "pk": 10,
    "fields": {
      "name": "processing and mechanical engineering",
      "short": "fgmgp",
      "modules": [
        7
      ]
    }
  },
  {
    "model": "files.faculty",
    "pk": 11,
    "fields": {
      "name": "extracurricular activities",
      "short": "extra",
      "modules": [
        7,
        8,
        9,
        10,
        59,
        64,
        65,
        66,
        67,
        68,
        69,
        70
      ]
    }
  },
  {
    "model": "files.file",
    "pk": 7,
    "fields": {
      "accepted": false,
      "file": "files/retouch_2024040100153886.png",
      "drive_link": null,
      "description": "{\"name\":\"\",\r\n\"usthb_student\":false,\r\n\"email\":\"\",\r\n\"domain\":\"\",\r\n\"additional\":\"walo\\n\"}\r\n\r\nthis file was uploaded as custom group/module named \"s6\" by the user for the faculty of id \"3\".",
      "title": "retouch_2024040100153886.png",
      "downloads_count": 0,
      "module": 7,
      "file_type": "tp"
    }
  },
  {
    "model": "files.file",
    "pk": 8,
    "fields": {
      "accepted": true,
      "file": "",
      "drive_link": "https://drive.google.com/file/d/11XAk9e6Csg6OrRxdfvn9BDxulz6zqaHx/view?usp=drivesdk",
      "description": "{\"name\":\"\",\r\n\"usthb_student\":true,\r\n\"email\":\"\",\r\n\"domain\":\"\",\r\n\"additional\":\"\"}\r\n\r\nthis file was uploaded as custom group/module named \"\" by the user for the faculty of id \"8\".",
      "title": "Analysis 1.pdf",
      "downloads_count": 0,
      "module": 14,
      "file_type": "cour"
    }
  },
  {
    "model": "files.file",
    "pk": 9,
    "fields": {
      "accepted": true,
      "file": "",
      "drive_link": "https://drive.google.com/file/d/1QoO8usRHgr7iZFuvJiJLB45MRkseZi5L/view?usp=drivesdk",
      "description": "{\"name\":\"\",\r\n\"usthb_student\":true,\r\n\"email\":\"\",\r\n\"domain\":\"\",\r\n\"additional\":\"\"}\r\n\r\nthis file was uploaded as custom group/module named \"\" by the user for the faculty of id \"8\".",
      "title": "Analysis 2.pdf",
      "downloads_count": 0,
      "module": 15,
      "file_type": "cour"
    }
  },
  {
    "model": "files.file",
    "pk": 35,
    "fields": {
      "accepted": false,
      "file": "files/ALGO_2_-_Chapter_1_DzpfwcD.pdf",
      "drive_link": null,
      "description": "{\"name\":\"zeghdani salah\",\r\n\"email\":\"zeghdns@gmail.com\",\r\n\"usthb_student\":true,\r\n\"domain\":\"ing info\"}",
      "title": "ALGO_2_-_Chapter_1.pdf",
      "downloads_count": 0,
      "module": 3,
      "file_type": "cour"
    }
  },
  {
    "model": "files.file",
    "pk": 36,
    "fields": {
      "accepted": false,
      "file": "files/ALGO_2_-_Chapter_2_a4bwzjs.pdf",
      "drive_link": null,
      "description": "{\"name\":\"zeghdani salah\",\r\n\"email\":\"zeghdns@gmail.com\",\r\n\"usthb_student\":true,\r\n\"domain\":\"ing info\"}",
      "title": "ALGO_2_-_Chapter_2.pdf",
      "downloads_count": 0,
      "module": 3,
      "file_type": "cour"
    }
  },
  {
    "model": "files.file",
    "pk": 37,
    "fields": {
      "accepted": false,
      "file": "files/ALGO_2_-_Chapter_3_wkn8wS2.pdf",
      "drive_link": null,
      "description": "{\"name\":\"zeghdani salah\",\r\n\"email\":\"zeghdns@gmail.com\",\r\n\"usthb_student\":true,\r\n\"domain\":\"ing info\"}",
      "title": "ALGO_2_-_Chapter_3.pdf",
      "downloads_count": 0,
      "module": 3,
      "file_type": "cour"
    }
  },
  {
    "model": "files.file",
    "pk": 38,
    "fields": {
      "accepted": false,
      "file": "files/ALGO_2_-_TD_N1_Ix99nlK.pdf",
      "drive_link": null,
      "description": "{\"name\":\"zeghdani salah\",\r\n\"email\":\"zeghdns@gmail.com\",\r\n\"usthb_student\":true,\r\n\"domain\":\"ing info\"}",
      "title": "ALGO_2_-_TD_N1.pdf",
      "downloads_count": 0,
      "module": 3,
      "file_type": "td"
    }
  },
  {
    "model": "files.file",
    "pk": 39,
    "fields": {
      "accepted": false,
      "file": "files/ALGO_2_-_TD_N3_DiQ8Xv9.pdf",
      "drive_link": null,
      "description": "{\"name\":\"zeghdani salah\",\r\n\"email\":\"zeghdns@gmail.com\",\r\n\"usthb_student\":true,\r\n\"domain\":\"ing info\"}",
      "title": "ALGO_2_-_TD_N3.pdf",
      "downloads_count": 0,
      "module": 3,
      "file_type": "td"
    }
  },
  {
    "model": "files.file",
    "pk": 40,
    "fields": {
      "accepted": false,
      "file": "files/ALGO_2_-_TD_N2_E572zNN.pdf",
      "drive_link": null,
      "description": "{\"name\":\"zeghdani salah\",\r\n\"email\":\"zeghdns@gmail.com\",\r\n\"usthb_student\":true,\r\n\"domain\":\"ing info\"}",
      "title": "ALGO_2_-_TD_N2.pdf",
      "downloads_count": 0,
      "module": 3,
      "file_type": "td"
    }
  },
  {
    "model": "files.file",
    "pk": 41,
    "fields": {
      "accepted": false,
      "file": "files/ALGO_2_-_TP_N5_E9Xtehd.pdf",
      "drive_link": null,
      "description": "{\"name\":\"zeghdani salah\",\r\n\"email\":\"zeghdns@gmail.com\",\r\n\"usthb_student\":true,\r\n\"domain\":\"ing info\"}",
      "title": "ALGO_2_-_TP_N5.pdf",
      "downloads_count": 0,
      "module": 3,
      "file_type": "tp"
    }
  },
  {
    "model": "files.file",
    "pk": 42,
    "fields": {
      "accepted": false,
      "file": "files/ALGO_2_-_TP_N8_d1MVmOr.pdf",
      "drive_link": null,
      "description": "{\"name\":\"zeghdani salah\",\r\n\"email\":\"zeghdns@gmail.com\",\r\n\"usthb_student\":true,\r\n\"domain\":\"ing info\"}",
      "title": "ALGO_2_-_TP_N8.pdf",
      "downloads_count": 0,
      "module": 3,
      "file_type": "tp"
    }
  },
  {
    "model": "files.file",
    "pk": 43,
    "fields": {
      "accepted": false,
      "file": "files/ALGO_2_-_TP_N6_9qpbPjn.pdf",
      "drive_link": null,
      "description": "{\"name\":\"zeghdani salah\",\r\n\"email\":\"zeghdns@gmail.com\",\r\n\"usthb_student\":true,\r\n\"domain\":\"ing info\"}",
      "title": "ALGO_2_-_TP_N6.pdf",
      "downloads_count": 0,
      "module": 3,
      "file_type": "tp"
    }
  },
  {
    "model": "files.file",
    "pk": 44,
    "fields": {
      "accepted": false,
      "file": "files/ALGO_2_-_TP_N7_j7JKia0.pdf",
      "drive_link": null,
      "description": "{\"name\":\"zeghdani salah\",\r\n\"email\":\"zeghdns@gmail.com\",\r\n\"usthb_student\":true,\r\n\"domain\":\"ing info\"}",
      "title": "ALGO_2_-_TP_N7.pdf",
      "downloads_count": 0,
      "module": 3,
      "file_type": "tp"
    }
  },
  {
    "model": "files.file",
    "pk": 46,
    "fields": {
      "accepted": false,
      "file": "files/ALGO_1_-_Chapter_1_eTrsLQz.pdf",
      "drive_link": null,
      "description": "{\"name\":\"zeghdani salah\",\r\n\"email\":\"zeghdns@gmail.com\",\r\n\"usthb_student\":true,\r\n\"domain\":\"ing info\"}",
      "title": "ALGO_1_-_Chapter_1.pdf",
      "downloads_count": 0,
      "module": 2,
      "file_type": "cour"
    }
  },
  {
    "model": "files.file",
    "pk": 47,
    "fields": {
      "accepted": false,
      "file": "files/ALGO_1_-_Chapter_2_RitZm5l.pdf",
      "drive_link": null,
      "description": "{\"name\":\"zeghdani salah\",\r\n\"email\":\"zeghdns@gmail.com\",\r\n\"usthb_student\":true,\r\n\"domain\":\"ing info\"}",
      "title": "ALGO_1_-_Chapter_2.pdf",
      "downloads_count": 0,
      "module": 2,
      "file_type": "cour"
    }
  },
  {
    "model": "files.file",
    "pk": 48,
    "fields": {
      "accepted": false,
      "file": "files/ALGO_1_-_TD_N0_YO6OFuo.pdf",
      "drive_link": null,
      "description": "{\"name\":\"zeghdani salah\",\r\n\"email\":\"zeghdns@gmail.com\",\r\n\"usthb_student\":true,\r\n\"domain\":\"ing info\"}",
      "title": "ALGO_1_-_TD_N0.pdf",
      "downloads_count": 0,
      "module": 2,
      "file_type": "td"
    }
  },
  {
    "model": "files.file",
    "pk": 49,
    "fields": {
      "accepted": false,
      "file": "files/ALGO_1_-_TD_N2_sbB4OYm.pdf",
      "drive_link": null,
      "description": "{\"name\":\"zeghdani salah\",\r\n\"email\":\"zeghdns@gmail.com\",\r\n\"usthb_student\":true,\r\n\"domain\":\"ing info\"}",
      "title": "ALGO_1_-_TD_N2.pdf",
      "downloads_count": 0,
      "module": 2,
      "file_type": "td"
    }
  },
  {
    "model": "files.file",
    "pk": 50,
    "fields": {
      "accepted": false,
      "file": "files/ALGO_1_-_TD_N3_KsMAUbb.pdf",
      "drive_link": null,
      "description": "{\"name\":\"zeghdani salah\",\r\n\"email\":\"zeghdns@gmail.com\",\r\n\"usthb_student\":true,\r\n\"domain\":\"ing info\"}",
      "title": "ALGO_1_-_TD_N3.pdf",
      "downloads_count": 0,
      "module": 2,
      "file_type": "td"
    }
  },
  {
    "model": "files.file",
    "pk": 51,
    "fields": {
      "accepted": false,
      "file": "files/ALGO_1_-_TD_N1_-_Old_ZS26ftZ.pdf",
      "drive_link": null,
      "description": "{\"name\":\"zeghdani salah\",\r\n\"email\":\"zeghdns@gmail.com\",\r\n\"usthb_student\":true,\r\n\"domain\":\"ing info\"}",
      "title": "ALGO_1_-_TD_N1_-_Old.pdf",
      "downloads_count": 0,
      "module": 2,
      "file_type": "td"
    }
  },
  {
    "model": "files.file",
    "pk": 52,
    "fields": {
      "accepted": false,
      "file": "files/ALGO_1_-_TD_N1_-_Updated_4o97QM2.pdf",
      "drive_link": null,
      "description": "{\"name\":\"zeghdani salah\",\r\n\"email\":\"zeghdns@gmail.com\",\r\n\"usthb_student\":true,\r\n\"domain\":\"ing info\"}",
      "title": "ALGO_1_-_TD_N1_-_Updated.pdf",
      "downloads_count": 0,
      "module": 2,
      "file_type": "td"
    }
  },
  {
    "model": "files.file",
    "pk": 53,
    "fields": {
      "accepted": false,
      "file": "files/ALGO_1_-_TP_N1_9DEzCEm.pdf",
      "drive_link": null,
      "description": "{\"name\":\"zeghdani salah\",\r\n\"email\":\"zeghdns@gmail.com\",\r\n\"usthb_student\":true,\r\n\"domain\":\"ing info\"}",
      "title": "ALGO_1_-_TP_N1.pdf",
      "downloads_count": 0,
      "module": 2,
      "file_type": "tp"
    }
  },
  {
    "model": "files.file",
    "pk": 54,
    "fields": {
      "accepted": false,
      "file": "files/ALGO_1_-_TP_N3_ehSdiDY.pdf",
      "drive_link": null,
      "description": "{\"name\":\"zeghdani salah\",\r\n\"email\":\"zeghdns@gmail.com\",\r\n\"usthb_student\":true,\r\n\"domain\":\"ing info\"}",
      "title": "ALGO_1_-_TP_N3.pdf",
      "downloads_count": 0,
      "module": 2,
      "file_type": "tp"
    }
  },
  {
    "model": "files.file",
    "pk": 55,
    "fields": {
      "accepted": false,
      "file": "files/ALGO_1_-_TP_N4_in4Rjlj.pdf",
      "drive_link": null,
      "description": "{\"name\":\"zeghdani salah\",\r\n\"email\":\"zeghdns@gmail.com\",\r\n\"usthb_student\":true,\r\n\"domain\":\"ing info\"}",
      "title": "ALGO_1_-_TP_N4.pdf",
      "downloads_count": 0,
      "module": 2,
      "file_type": "tp"
    }
  },
  {
    "model": "files.file",
    "pk": 56,
    "fields": {
      "accepted": false,
      "file": "files/ALGO_1_-_TP_N2_ptfubd6.pdf",
      "drive_link": null,
      "description": "{\"name\":\"zeghdani salah\",\r\n\"email\":\"zeghdns@gmail.com\",\r\n\"usthb_student\":true,\r\n\"domain\":\"ing info\"}",
      "title": "ALGO_1_-_TP_N2.pdf",
      "downloads_count": 0,
      "module": 2,
      "file_type": "tp"
    }
  },
  {
    "model": "dashboard.userdashboardmodule",
    "pk": 1,
    "fields": {
      "title": "Quick links",
      "module": "jet.dashboard.modules.LinkList",
      "app_label": null,
      "user": 1,
      "column": 0,
      "order": 0,
      "settings": "{\"draggable\": false, \"deletable\": false, \"collapsible\": false, \"layout\": \"inline\"}",
      "children": "[{\"title\": \"Return to site\", \"url\": \"/\"}, {\"title\": \"Change password\", \"url\": \"/admin/password_change/\"}, {\"title\": \"Log out\", \"url\": \"/admin/logout/\"}]",
      "collapsed": false
    }
  },
  {
    "model": "dashboard.userdashboardmodule",
    "pk": 2,
    "fields": {
      "title": "Applications",
      "module": "jet.dashboard.modules.AppList",
      "app_label": null,
      "user": 1,
      "column": 1,
      "order": 0,
      "settings": "{\"models\": null, \"exclude\": [\"auth.*\"]}",
      "children": "",
      "collapsed": false
    }
  },
  {
    "model": "dashboard.userdashboardmodule",
    "pk": 3,
    "fields": {
      "title": "Administration",
      "module": "jet.dashboard.modules.AppList",
      "app_label": null,
      "user": 1,
      "column": 2,
      "order": 0,
      "settings": "{\"models\": [\"auth.*\"], \"exclude\": null}",
      "children": "",
      "collapsed": false
    }
  },
  {
    "model": "dashboard.userdashboardmodule",
    "pk": 4,
    "fields": {
      "title": "Recent Actions",
      "module": "jet.dashboard.modules.RecentActions",
      "app_label": null,
      "user": 1,
      "column": 0,
      "order": 1,
      "settings": "{\"limit\": 10, \"include_list\": null, \"exclude_list\": null, \"user\": null}",
      "children": "",
      "collapsed": false
    }
  },
  {
    "model": "dashboard.userdashboardmodule",
    "pk": 5,
    "fields": {
      "title": "Latest Django News",
      "module": "jet.dashboard.modules.Feed",
      "app_label": null,
      "user": 1,
      "column": 1,
      "order": 1,
      "settings": "{\"feed_url\": \"http://www.djangoproject.com/rss/weblog/\", \"limit\": 5}",
      "children": "",
      "collapsed": false
    }
  },
  {
    "model": "dashboard.userdashboardmodule",
    "pk": 6,
    "fields": {
      "title": "Support",
      "module": "jet.dashboard.modules.LinkList",
      "app_label": null,
      "user": 1,
      "column": 2,
      "order": 1,
      "settings": "{\"draggable\": true, \"deletable\": true, \"collapsible\": true, \"layout\": \"stacked\"}",
      "children": "[{\"title\": \"Django documentation\", \"url\": \"http://docs.djangoproject.com/\", \"external\": true}, {\"title\": \"Django \\\"django-users\\\" mailing list\", \"url\": \"http://groups.google.com/group/django-users\", \"external\": true}, {\"title\": \"Django irc channel\", \"url\": \"irc://irc.freenode.net/django\", \"external\": true}]",
      "collapsed": false
    }
  },
  {
    "model": "dashboard.userdashboardmodule",
    "pk": 7,
    "fields": {
      "title": "Application models",
      "module": "jet.dashboard.modules.ModelList",
      "app_label": "files",
      "user": 1,
      "column": 0,
      "order": 0,
      "settings": "{\"models\": [\"files.*\"], \"exclude\": null}",
      "children": "",
      "collapsed": false
    }
  },
  {
    "model": "dashboard.userdashboardmodule",
    "pk": 8,
    "fields": {
      "title": "Recent Actions",
      "module": "jet.dashboard.modules.RecentActions",
      "app_label": "files",
      "user": 1,
      "column": 1,
      "order": 0,
      "settings": "{\"limit\": 10, \"include_list\": [\"files.*\"], \"exclude_list\": null, \"user\": null}",
      "children": "",
      "collapsed": false
    }
  },
  {
    "model": "dashboard.userdashboardmodule",
    "pk": 9,
    "fields": {
      "title": "Application models",
      "module": "jet.dashboard.modules.ModelList",
      "app_label": "auth",
      "user": 1,
      "column": 0,
      "order": 0,
      "settings": "{\"models\": [\"auth.*\"], \"exclude\": null}",
      "children": "",
      "collapsed": false
    }
  },
  {
    "model": "dashboard.userdashboardmodule",
    "pk": 10,
    "fields": {
      "title": "Recent Actions",
      "module": "jet.dashboard.modules.RecentActions",
      "app_label": "auth",
      "user": 1,
      "column": 1,
      "order": 0,
      "settings": "{\"limit\": 10, \"include_list\": [\"auth.*\"], \"exclude_list\": null, \"user\": null}",
      "children": "",
      "collapsed": false
    }
  },
  {
    "model": "admin.logentry",
    "pk": 1,
    "fields": {
      "action_time": "2024-03-26T12:46:06.342Z",
      "user": 1,
      "content_type": 2,
      "object_id": "1",
      "object_repr": "algorithms and data structures",
      "action_flag": 1,
      "change_message": "[{\"added\": {}}]"
    }
  },
  {
    "model": "admin.logentry",
    "pk": 2,
    "fields": {
      "action_time": "2024-03-26T12:46:28.977Z",
      "user": 1,
      "content_type": 1,
      "object_id": "1",
      "object_repr": "algorithms and data structure 1",
      "action_flag": 1,
      "change_message": "[{\"added\": {}}]"
    }
  },
  {
    "model": "admin.logentry",
    "pk": 3,
    "fields": {
      "action_time": "2024-03-26T12:46:31.810Z",
      "user": 1,
      "content_type": 1,
      "object_id": "2",
      "object_repr": "algorithms and data structure 1",
      "action_flag": 1,
      "change_message": "[{\"added\": {}}]"
    }
  },
  {
    "model": "admin.logentry",
    "pk": 4,
    "fields": {
      "action_time": "2024-03-26T12:46:56.420Z",
      "user": 1,
      "content_type": 1,
      "object_id": "1",
      "object_repr": "algorithms and data structure 1",
      "action_flag": 3,
      "change_message": ""
    }
  },
  {
    "model": "admin.logentry",
    "pk": 5,
    "fields": {
      "action_time": "2024-03-26T12:47:22.875Z",
      "user": 1,
      "content_type": 4,
      "object_id": "1",
      "object_repr": "computer science",
      "action_flag": 1,
      "change_message": "[{\"added\": {}}]"
    }
  },
  {
    "model": "admin.logentry",
    "pk": 6,
    "fields": {
      "action_time": "2024-03-26T12:49:50.818Z",
      "user": 1,
      "content_type": 1,
      "object_id": "3",
      "object_repr": "algorithms and data structure 2",
      "action_flag": 1,
      "change_message": "[{\"added\": {}}]"
    }
  },
  {
    "model": "admin.logentry",
    "pk": 7,
    "fields": {
      "action_time": "2024-03-26T12:51:02.596Z",
      "user": 1,
      "content_type": 4,
      "object_id": "1",
      "object_repr": "computer science",
      "action_flag": 2,
      "change_message": "[{\"changed\": {\"fields\": [\"Modules\"]}}]"
    }
  },
  {
    "model": "admin.logentry",
    "pk": 8,
    "fields": {
      "action_time": "2024-03-26T12:55:06.585Z",
      "user": 1,
      "content_type": 2,
      "object_id": "2",
      "object_repr": "operating systems",
      "action_flag": 1,
      "change_message": "[{\"added\": {}}]"
    }
  },
  {
    "model": "admin.logentry",
    "pk": 9,
    "fields": {
      "action_time": "2024-03-26T12:55:28.057Z",
      "user": 1,
      "content_type": 1,
      "object_id": "4",
      "object_repr": "operating systems 1",
      "action_flag": 1,
      "change_message": "[{\"added\": {}}]"
    }
  },
  {
    "model": "admin.logentry",
    "pk": 10,
    "fields": {
      "action_time": "2024-03-26T12:55:44.071Z",
      "user": 1,
      "content_type": 1,
      "object_id": "5",
      "object_repr": "operating systems 2",
      "action_flag": 1,
      "change_message": "[{\"added\": {}}]"
    }
  },
  {
    "model": "admin.logentry",
    "pk": 11,
    "fields": {
      "action_time": "2024-03-26T12:55:47.136Z",
      "user": 1,
      "content_type": 1,
      "object_id": "6",
      "object_repr": "operating systems 2",
      "action_flag": 1,
      "change_message": "[{\"added\": {}}]"
    }
  },
  {
    "model": "admin.logentry",
    "pk": 12,
    "fields": {
      "action_time": "2024-03-26T12:56:33.388Z",
      "user": 1,
      "content_type": 1,
      "object_id": "6",
      "object_repr": "operating systems 2",
      "action_flag": 3,
      "change_message": ""
    }
  },
  {
    "model": "admin.logentry",
    "pk": 13,
    "fields": {
      "action_time": "2024-03-26T13:09:10.967Z",
      "user": 1,
      "content_type": 3,
      "object_id": "1",
      "object_repr": "images.png",
      "action_flag": 1,
      "change_message": "[{\"added\": {}}]"
    }
  },
  {
    "model": "admin.logentry",
    "pk": 14,
    "fields": {
      "action_time": "2024-03-26T13:57:41.101Z",
      "user": 1,
      "content_type": 4,
      "object_id": "1",
      "object_repr": "computer science",
      "action_flag": 2,
      "change_message": "[{\"changed\": {\"fields\": [\"Modules\"]}}]"
    }
  },
  {
    "model": "admin.logentry",
    "pk": 15,
    "fields": {
      "action_time": "2024-03-30T14:50:41.062Z",
      "user": 1,
      "content_type": 2,
      "object_id": "3",
      "object_repr": "other",
      "action_flag": 1,
      "change_message": "[{\"added\": {}}]"
    }
  },
  {
    "model": "admin.logentry",
    "pk": 16,
    "fields": {
      "action_time": "2024-03-30T14:51:04.715Z",
      "user": 1,
      "content_type": 1,
      "object_id": "7",
      "object_repr": "other",
      "action_flag": 1,
      "change_message": "[{\"added\": {}}]"
    }
  },
  {
    "model": "admin.logentry",
    "pk": 17,
    "fields": {
      "action_time": "2024-03-30T14:51:44.444Z",
      "user": 1,
      "content_type": 4,
      "object_id": "2",
      "object_repr": "other",
      "action_flag": 1,
      "change_message": "[{\"added\": {}}]"
    }
  },
  {
    "model": "admin.logentry",
    "pk": 18,
    "fields": {
      "action_time": "2024-03-30T14:52:16.639Z",
      "user": 1,
      "content_type": 4,
      "object_id": "3",
      "object_repr": "biological sciences",
      "action_flag": 1,
      "change_message": "[{\"added\": {}}]"
    }
  },
  {
    "model": "admin.logentry",
    "pk": 19,
    "fields": {
      "action_time": "2024-03-30T14:52:32.810Z",
      "user": 1,
      "content_type": 4,
      "object_id": "4",
      "object_repr": "chimestry",
      "action_flag": 1,
      "change_message": "[{\"added\": {}}]"
    }
  },
  {
    "model": "admin.logentry",
    "pk": 20,
    "fields": {
      "action_time": "2024-03-30T14:52:52.382Z",
      "user": 1,
      "content_type": 4,
      "object_id": "5",
      "object_repr": "civil engineering",
      "action_flag": 1,
      "change_message": "[{\"added\": {}}]"
    }
  },
  {
    "model": "admin.logentry",
    "pk": 21,
    "fields": {
      "action_time": "2024-03-30T14:53:15.123Z",
      "user": 1,
      "content_type": 4,
      "object_id": "6",
      "object_repr": "electrical engineering",
      "action_flag": 1,
      "change_message": "[{\"added\": {}}]"
    }
  },
  {
    "model": "admin.logentry",
    "pk": 22,
    "fields": {
      "action_time": "2024-03-30T14:53:41.978Z",
      "user": 1,
      "content_type": 4,
      "object_id": "7",
      "object_repr": "earth sciences, geography and terrritorial planning",
      "action_flag": 1,
      "change_message": "[{\"added\": {}}]"
    }
  },
  {
    "model": "admin.logentry",
    "pk": 23,
    "fields": {
      "action_time": "2024-03-30T14:54:00.980Z",
      "user": 1,
      "content_type": 4,
      "object_id": "8",
      "object_repr": "mathematics",
      "action_flag": 1,
      "change_message": "[{\"added\": {}}]"
    }
  },
  {
    "model": "admin.logentry",
    "pk": 24,
    "fields": {
      "action_time": "2024-03-30T14:54:20.901Z",
      "user": 1,
      "content_type": 4,
      "object_id": "9",
      "object_repr": "physics",
      "action_flag": 1,
      "change_message": "[{\"added\": {}}]"
    }
  },
  {
    "model": "admin.logentry",
    "pk": 25,
    "fields": {
      "action_time": "2024-03-30T14:55:03.015Z",
      "user": 1,
      "content_type": 4,
      "object_id": "10",
      "object_repr": "processing and mechanical engineering",
      "action_flag": 1,
      "change_message": "[{\"added\": {}}]"
    }
  },
  {
    "model": "admin.logentry",
    "pk": 26,
    "fields": {
      "action_time": "2024-03-30T14:55:34.219Z",
      "user": 1,
      "content_type": 4,
      "object_id": "11",
      "object_repr": "extracurricular activities",
      "action_flag": 1,
      "change_message": "[{\"added\": {}}]"
    }
  },
  {
    "model": "admin.logentry",
    "pk": 27,
    "fields": {
      "action_time": "2024-03-30T14:58:15.227Z",
      "user": 1,
      "content_type": 2,
      "object_id": "4",
      "object_repr": "foreign language",
      "action_flag": 1,
      "change_message": "[{\"added\": {}}]"
    }
  },
  {
    "model": "admin.logentry",
    "pk": 28,
    "fields": {
      "action_time": "2024-03-30T14:58:42.478Z",
      "user": 1,
      "content_type": 1,
      "object_id": "8",
      "object_repr": "english",
      "action_flag": 1,
      "change_message": "[{\"added\": {}}]"
    }
  },
  {
    "model": "admin.logentry",
    "pk": 29,
    "fields": {
      "action_time": "2024-03-30T14:58:56.744Z",
      "user": 1,
      "content_type": 1,
      "object_id": "9",
      "object_repr": "french",
      "action_flag": 1,
      "change_message": "[{\"added\": {}}]"
    }
  },
  {
    "model": "admin.logentry",
    "pk": 30,
    "fields": {
      "action_time": "2024-03-30T14:59:58.656Z",
      "user": 1,
      "content_type": 2,
      "object_id": "5",
      "object_repr": "entrepreneurship",
      "action_flag": 1,
      "change_message": "[{\"added\": {}}]"
    }
  },
  {
    "model": "admin.logentry",
    "pk": 31,
    "fields": {
      "action_time": "2024-03-30T15:00:21.990Z",
      "user": 1,
      "content_type": 1,
      "object_id": "10",
      "object_repr": "entrepreneurship",
      "action_flag": 1,
      "change_message": "[{\"added\": {}}]"
    }
  },
  {
    "model": "admin.logentry",
    "pk": 32,
    "fields": {
      "action_time": "2024-03-30T15:00:49.136Z",
      "user": 1,
      "content_type": 4,
      "object_id": "11",
      "object_repr": "extracurricular activities",
      "action_flag": 2,
      "change_message": "[{\"changed\": {\"fields\": [\"Modules\"]}}]"
    }
  },
  {
    "model": "admin.logentry",
    "pk": 33,
    "fields": {
      "action_time": "2024-03-30T15:19:06.516Z",
      "user": 1,
      "content_type": 4,
      "object_id": "11",
      "object_repr": "extracurricular activities",
      "action_flag": 2,
      "change_message": "[{\"changed\": {\"fields\": [\"Modules\"]}}]"
    }
  },
  {
    "model": "admin.logentry",
    "pk": 34,
    "fields": {
      "action_time": "2024-03-30T15:19:13.170Z",
      "user": 1,
      "content_type": 4,
      "object_id": "1",
      "object_repr": "computer science",
      "action_flag": 2,
      "change_message": "[{\"changed\": {\"fields\": [\"Modules\"]}}]"
    }
  },
  {
    "model": "admin.logentry",
    "pk": 35,
    "fields": {
      "action_time": "2024-03-30T16:03:41.819Z",
      "user": 1,
      "content_type": 2,
      "object_id": "6",
      "object_repr": "computer architecture",
      "action_flag": 1,
      "change_message": "[{\"added\": {}}]"
    }
  },
  {
    "model": "admin.logentry",
    "pk": 36,
    "fields": {
      "action_time": "2024-03-30T16:04:33.108Z",
      "user": 1,
      "content_type": 2,
      "object_id": "7",
      "object_repr": "Information and Communications Technology",
      "action_flag": 1,
      "change_message": "[{\"added\": {}}]"
    }
  },
  {
    "model": "admin.logentry",
    "pk": 37,
    "fields": {
      "action_time": "2024-03-30T16:06:22.325Z",
      "user": 1,
      "content_type": 2,
      "object_id": "8",
      "object_repr": "algebra",
      "action_flag": 1,
      "change_message": "[{\"added\": {}}]"
    }
  },
  {
    "model": "admin.logentry",
    "pk": 38,
    "fields": {
      "action_time": "2024-03-30T16:06:37.219Z",
      "user": 1,
      "content_type": 2,
      "object_id": "9",
      "object_repr": "analysis",
      "action_flag": 1,
      "change_message": "[{\"added\": {}}]"
    }
  },
  {
    "model": "admin.logentry",
    "pk": 39,
    "fields": {
      "action_time": "2024-03-30T16:07:25.978Z",
      "user": 1,
      "content_type": 2,
      "object_id": "10",
      "object_repr": "point mechanics",
      "action_flag": 1,
      "change_message": "[{\"added\": {}}]"
    }
  },
  {
    "model": "admin.logentry",
    "pk": 40,
    "fields": {
      "action_time": "2024-03-30T16:09:38.914Z",
      "user": 1,
      "content_type": 1,
      "object_id": "11",
      "object_repr": "computer architecture 1",
      "action_flag": 1,
      "change_message": "[{\"added\": {}}]"
    }
  },
  {
    "model": "admin.logentry",
    "pk": 41,
    "fields": {
      "action_time": "2024-03-30T16:09:50.746Z",
      "user": 1,
      "content_type": 1,
      "object_id": "12",
      "object_repr": "algorithms and data structures 2",
      "action_flag": 1,
      "change_message": "[{\"added\": {}}]"
    }
  },
  {
    "model": "admin.logentry",
    "pk": 42,
    "fields": {
      "action_time": "2024-03-30T16:10:53.686Z",
      "user": 1,
      "content_type": 1,
      "object_id": "13",
      "object_repr": "Information and Communications Technology",
      "action_flag": 1,
      "change_message": "[{\"added\": {}}]"
    }
  },
  {
    "model": "admin.logentry",
    "pk": 43,
    "fields": {
      "action_time": "2024-03-30T16:11:21.289Z",
      "user": 1,
      "content_type": 1,
      "object_id": "14",
      "object_repr": "analysis 1",
      "action_flag": 1,
      "change_message": "[{\"added\": {}}]"
    }
  },
  {
    "model": "admin.logentry",
    "pk": 44,
    "fields": {
      "action_time": "2024-03-30T16:11:42.653Z",
      "user": 1,
      "content_type": 1,
      "object_id": "15",
      "object_repr": "analysis 2",
      "action_flag": 1,
      "change_message": "[{\"added\": {}}]"
    }
  },
  {
    "model": "admin.logentry",
    "pk": 45,
    "fields": {
      "action_time": "2024-03-30T16:11:58.135Z",
      "user": 1,
      "content_type": 1,
      "object_id": "16",
      "object_repr": "algebra 1",
      "action_flag": 1,
      "change_message": "[{\"added\": {}}]"
    }
  },
  {
    "model": "admin.logentry",
    "pk": 46,
    "fields": {
      "action_time": "2024-03-30T16:12:15.675Z",
      "user": 1,
      "content_type": 1,
      "object_id": "17",
      "object_repr": "algebra 2",
      "action_flag": 1,
      "change_message": "[{\"added\": {}}]"
    }
  },
  {
    "model": "admin.logentry",
    "pk": 47,
    "fields": {
      "action_time": "2024-03-30T16:12:54.969Z",
      "user": 1,
      "content_type": 1,
      "object_id": "18",
      "object_repr": "point mechanics",
      "action_flag": 1,
      "change_message": "[{\"added\": {}}]"
    }
  },
  {
    "model": "admin.logentry",
    "pk": 48,
    "fields": {
      "action_time": "2024-03-30T16:15:13.861Z",
      "user": 1,
      "content_type": 2,
      "object_id": "11",
      "object_repr": "Mathematical Programming Tools",
      "action_flag": 1,
      "change_message": "[{\"added\": {}}]"
    }
  },
  {
    "model": "admin.logentry",
    "pk": 49,
    "fields": {
      "action_time": "2024-03-30T16:15:37.859Z",
      "user": 1,
      "content_type": 1,
      "object_id": "19",
      "object_repr": "Mathematical Programming Tools",
      "action_flag": 1,
      "change_message": "[{\"added\": {}}]"
    }
  },
  {
    "model": "admin.logentry",
    "pk": 50,
    "fields": {
      "action_time": "2024-03-30T16:16:21.815Z",
      "user": 1,
      "content_type": 2,
      "object_id": "12",
      "object_repr": "probability and statistics",
      "action_flag": 1,
      "change_message": "[{\"added\": {}}]"
    }
  },
  {
    "model": "admin.logentry",
    "pk": 51,
    "fields": {
      "action_time": "2024-03-30T16:16:51.822Z",
      "user": 1,
      "content_type": 1,
      "object_id": "20",
      "object_repr": "statistics",
      "action_flag": 1,
      "change_message": "[{\"added\": {}}]"
    }
  },
  {
    "model": "admin.logentry",
    "pk": 52,
    "fields": {
      "action_time": "2024-03-30T16:17:05.256Z",
      "user": 1,
      "content_type": 1,
      "object_id": "21",
      "object_repr": "probability",
      "action_flag": 1,
      "change_message": "[{\"added\": {}}]"
    }
  },
  {
    "model": "admin.logentry",
    "pk": 53,
    "fields": {
      "action_time": "2024-03-30T16:17:35.241Z",
      "user": 1,
      "content_type": 1,
      "object_id": "18",
      "object_repr": "point mechanics",
      "action_flag": 3,
      "change_message": ""
    }
  },
  {
    "model": "admin.logentry",
    "pk": 54,
    "fields": {
      "action_time": "2024-03-30T16:17:52.281Z",
      "user": 1,
      "content_type": 2,
      "object_id": "10",
      "object_repr": "point mechanics",
      "action_flag": 3,
      "change_message": ""
    }
  },
  {
    "model": "admin.logentry",
    "pk": 55,
    "fields": {
      "action_time": "2024-03-30T16:18:39.621Z",
      "user": 1,
      "content_type": 2,
      "object_id": "13",
      "object_repr": "mechanics and electricity L1",
      "action_flag": 1,
      "change_message": "[{\"added\": {}}]"
    }
  },
  {
    "model": "admin.logentry",
    "pk": 56,
    "fields": {
      "action_time": "2024-03-30T16:19:09.907Z",
      "user": 1,
      "content_type": 1,
      "object_id": "22",
      "object_repr": "point mechanics",
      "action_flag": 1,
      "change_message": "[{\"added\": {}}]"
    }
  },
  {
    "model": "admin.logentry",
    "pk": 57,
    "fields": {
      "action_time": "2024-03-30T16:22:00.720Z",
      "user": 1,
      "content_type": 1,
      "object_id": "23",
      "object_repr": "electricity",
      "action_flag": 1,
      "change_message": "[{\"added\": {}}]"
    }
  },
  {
    "model": "admin.logentry",
    "pk": 58,
    "fields": {
      "action_time": "2024-03-30T16:24:00.472Z",
      "user": 1,
      "content_type": 1,
      "object_id": "19",
      "object_repr": "Mathematical Programming Tools",
      "action_flag": 3,
      "change_message": ""
    }
  },
  {
    "model": "admin.logentry",
    "pk": 59,
    "fields": {
      "action_time": "2024-03-30T16:24:22.930Z",
      "user": 1,
      "content_type": 1,
      "object_id": "24",
      "object_repr": "Mathematical Programming Tools 1",
      "action_flag": 1,
      "change_message": "[{\"added\": {}}]"
    }
  },
  {
    "model": "admin.logentry",
    "pk": 60,
    "fields": {
      "action_time": "2024-03-30T16:24:50.078Z",
      "user": 1,
      "content_type": 1,
      "object_id": "25",
      "object_repr": "Mathematical Programming Tools 2",
      "action_flag": 1,
      "change_message": "[{\"added\": {}}]"
    }
  },
  {
    "model": "admin.logentry",
    "pk": 61,
    "fields": {
      "action_time": "2024-03-30T16:25:40.076Z",
      "user": 1,
      "content_type": 1,
      "object_id": "26",
      "object_repr": "Mathematical Programming Tools 3",
      "action_flag": 1,
      "change_message": "[{\"added\": {}}]"
    }
  },
  {
    "model": "admin.logentry",
    "pk": 62,
    "fields": {
      "action_time": "2024-03-30T16:28:52.885Z",
      "user": 1,
      "content_type": 2,
      "object_id": "14",
      "object_repr": "mathematical logic",
      "action_flag": 1,
      "change_message": "[{\"added\": {}}]"
    }
  },
  {
    "model": "admin.logentry",
    "pk": 63,
    "fields": {
      "action_time": "2024-03-30T16:29:25.398Z",
      "user": 1,
      "content_type": 1,
      "object_id": "27",
      "object_repr": "mathematical logic",
      "action_flag": 1,
      "change_message": "[{\"added\": {}}]"
    }
  },
  {
    "model": "admin.logentry",
    "pk": 64,
    "fields": {
      "action_time": "2024-03-30T16:30:50.506Z",
      "user": 1,
      "content_type": 4,
      "object_id": "1",
      "object_repr": "computer science",
      "action_flag": 2,
      "change_message": "[{\"changed\": {\"fields\": [\"Modules\"]}}]"
    }
  },
  {
    "model": "admin.logentry",
    "pk": 65,
    "fields": {
      "action_time": "2024-03-30T16:31:51.845Z",
      "user": 1,
      "content_type": 4,
      "object_id": "8",
      "object_repr": "mathematics",
      "action_flag": 2,
      "change_message": "[{\"changed\": {\"fields\": [\"Modules\"]}}]"
    }
  },
  {
    "model": "admin.logentry",
    "pk": 66,
    "fields": {
      "action_time": "2024-03-30T16:32:21.805Z",
      "user": 1,
      "content_type": 4,
      "object_id": "9",
      "object_repr": "physics",
      "action_flag": 2,
      "change_message": "[{\"changed\": {\"fields\": [\"Modules\"]}}]"
    }
  },
  {
    "model": "admin.logentry",
    "pk": 67,
    "fields": {
      "action_time": "2024-03-30T16:33:12.271Z",
      "user": 1,
      "content_type": 1,
      "object_id": "28",
      "object_repr": "algebra 3",
      "action_flag": 1,
      "change_message": "[{\"added\": {}}]"
    }
  },
  {
    "model": "admin.logentry",
    "pk": 68,
    "fields": {
      "action_time": "2024-03-30T16:33:30.639Z",
      "user": 1,
      "content_type": 1,
      "object_id": "29",
      "object_repr": "algebra 4",
      "action_flag": 1,
      "change_message": "[{\"added\": {}}]"
    }
  },
  {
    "model": "admin.logentry",
    "pk": 69,
    "fields": {
      "action_time": "2024-03-30T16:34:01.781Z",
      "user": 1,
      "content_type": 4,
      "object_id": "8",
      "object_repr": "mathematics",
      "action_flag": 2,
      "change_message": "[{\"changed\": {\"fields\": [\"Modules\"]}}]"
    }
  },
  {
    "model": "admin.logentry",
    "pk": 70,
    "fields": {
      "action_time": "2024-04-01T20:35:15.750Z",
      "user": 1,
      "content_type": 1,
      "object_id": "21",
      "object_repr": "probability",
      "action_flag": 3,
      "change_message": ""
    }
  },
  {
    "model": "admin.logentry",
    "pk": 71,
    "fields": {
      "action_time": "2024-04-01T20:35:15.765Z",
      "user": 1,
      "content_type": 1,
      "object_id": "20",
      "object_repr": "statistics",
      "action_flag": 3,
      "change_message": ""
    }
  },
  {
    "model": "admin.logentry",
    "pk": 72,
    "fields": {
      "action_time": "2024-04-01T20:35:35.390Z",
      "user": 1,
      "content_type": 1,
      "object_id": "30",
      "object_repr": "probability 1",
      "action_flag": 1,
      "change_message": "[{\"added\": {}}]"
    }
  },
  {
    "model": "admin.logentry",
    "pk": 73,
    "fields": {
      "action_time": "2024-04-01T20:35:51.474Z",
      "user": 1,
      "content_type": 1,
      "object_id": "31",
      "object_repr": "probability 2",
      "action_flag": 1,
      "change_message": "[{\"added\": {}}]"
    }
  },
  {
    "model": "admin.logentry",
    "pk": 74,
    "fields": {
      "action_time": "2024-04-01T20:36:07.310Z",
      "user": 1,
      "content_type": 1,
      "object_id": "32",
      "object_repr": "statistics 1",
      "action_flag": 1,
      "change_message": "[{\"added\": {}}]"
    }
  },
  {
    "model": "admin.logentry",
    "pk": 75,
    "fields": {
      "action_time": "2024-04-01T20:36:21.611Z",
      "user": 1,
      "content_type": 1,
      "object_id": "33",
      "object_repr": "statistics 2",
      "action_flag": 1,
      "change_message": "[{\"added\": {}}]"
    }
  },
  {
    "model": "admin.logentry",
    "pk": 76,
    "fields": {
      "action_time": "2024-04-01T20:49:53.183Z",
      "user": 1,
      "content_type": 1,
      "object_id": "23",
      "object_repr": "electricity",
      "action_flag": 3,
      "change_message": ""
    }
  },
  {
    "model": "admin.logentry",
    "pk": 77,
    "fields": {
      "action_time": "2024-04-01T20:49:53.193Z",
      "user": 1,
      "content_type": 1,
      "object_id": "22",
      "object_repr": "point mechanics",
      "action_flag": 3,
      "change_message": ""
    }
  },
  {
    "model": "admin.logentry",
    "pk": 78,
    "fields": {
      "action_time": "2024-04-01T20:50:04.562Z",
      "user": 1,
      "content_type": 2,
      "object_id": "13",
      "object_repr": "mechanics and electricity L1",
      "action_flag": 3,
      "change_message": ""
    }
  },
  {
    "model": "admin.logentry",
    "pk": 79,
    "fields": {
      "action_time": "2024-04-01T21:12:36.482Z",
      "user": 1,
      "content_type": 2,
      "object_id": "15",
      "object_repr": "mathematics",
      "action_flag": 1,
      "change_message": "[{\"added\": {}}]"
    }
  },
  {
    "model": "admin.logentry",
    "pk": 80,
    "fields": {
      "action_time": "2024-04-01T21:15:08.205Z",
      "user": 1,
      "content_type": 2,
      "object_id": "16",
      "object_repr": "mechanics",
      "action_flag": 1,
      "change_message": "[{\"added\": {}}]"
    }
  },
  {
    "model": "admin.logentry",
    "pk": 81,
    "fields": {
      "action_time": "2024-04-01T21:16:37.266Z",
      "user": 1,
      "content_type": 2,
      "object_id": "17",
      "object_repr": "vibration waves and oscillations",
      "action_flag": 1,
      "change_message": "[{\"added\": {}}]"
    }
  },
  {
    "model": "admin.logentry",
    "pk": 82,
    "fields": {
      "action_time": "2024-04-01T21:21:57.194Z",
      "user": 1,
      "content_type": 2,
      "object_id": "18",
      "object_repr": "quantum mechanics",
      "action_flag": 1,
      "change_message": "[{\"added\": {}}]"
    }
  },
  {
    "model": "admin.logentry",
    "pk": 83,
    "fields": {
      "action_time": "2024-04-01T21:22:19.556Z",
      "user": 1,
      "content_type": 2,
      "object_id": "19",
      "object_repr": "electromagnetism",
      "action_flag": 1,
      "change_message": "[{\"added\": {}}]"
    }
  },
  {
    "model": "admin.logentry",
    "pk": 84,
    "fields": {
      "action_time": "2024-04-01T21:22:27.509Z",
      "user": 1,
      "content_type": 2,
      "object_id": "20",
      "object_repr": "electricity",
      "action_flag": 1,
      "change_message": "[{\"added\": {}}]"
    }
  },
  {
    "model": "admin.logentry",
    "pk": 85,
    "fields": {
      "action_time": "2024-04-01T21:22:42.884Z",
      "user": 1,
      "content_type": 2,
      "object_id": "21",
      "object_repr": "electronics",
      "action_flag": 1,
      "change_message": "[{\"added\": {}}]"
    }
  },
  {
    "model": "admin.logentry",
    "pk": 86,
    "fields": {
      "action_time": "2024-04-01T21:22:57.351Z",
      "user": 1,
      "content_type": 2,
      "object_id": "22",
      "object_repr": "fluid mechanics",
      "action_flag": 1,
      "change_message": "[{\"added\": {}}]"
    }
  },
  {
    "model": "admin.logentry",
    "pk": 87,
    "fields": {
      "action_time": "2024-04-01T21:23:08.459Z",
      "user": 1,
      "content_type": 2,
      "object_id": "23",
      "object_repr": "astronomy and astrophysics",
      "action_flag": 1,
      "change_message": "[{\"added\": {}}]"
    }
  },
  {
    "model": "admin.logentry",
    "pk": 88,
    "fields": {
      "action_time": "2024-04-01T21:24:08.813Z",
      "user": 1,
      "content_type": 2,
      "object_id": "24",
      "object_repr": "optics",
      "action_flag": 1,
      "change_message": "[{\"added\": {}}]"
    }
  },
  {
    "model": "admin.logentry",
    "pk": 89,
    "fields": {
      "action_time": "2024-04-01T21:24:23.368Z",
      "user": 1,
      "content_type": 2,
      "object_id": "25",
      "object_repr": "crystallography",
      "action_flag": 1,
      "change_message": "[{\"added\": {}}]"
    }
  },
  {
    "model": "admin.logentry",
    "pk": 90,
    "fields": {
      "action_time": "2024-04-01T21:24:36.827Z",
      "user": 1,
      "content_type": 2,
      "object_id": "26",
      "object_repr": "Analysis technique",
      "action_flag": 1,
      "change_message": "[{\"added\": {}}]"
    }
  },
  {
    "model": "admin.logentry",
    "pk": 91,
    "fields": {
      "action_time": "2024-04-01T21:24:56.927Z",
      "user": 1,
      "content_type": 2,
      "object_id": "27",
      "object_repr": "material structure",
      "action_flag": 1,
      "change_message": "[{\"added\": {}}]"
    }
  },
  {
    "model": "admin.logentry",
    "pk": 92,
    "fields": {
      "action_time": "2024-04-01T21:25:28.802Z",
      "user": 1,
      "content_type": 2,
      "object_id": "28",
      "object_repr": "thermodynamics and chemical kinetics",
      "action_flag": 1,
      "change_message": "[{\"added\": {}}]"
    }
  },
  {
    "model": "admin.logentry",
    "pk": 93,
    "fields": {
      "action_time": "2024-04-01T21:25:54.887Z",
      "user": 1,
      "content_type": 2,
      "object_id": "29",
      "object_repr": "mineral chimestry",
      "action_flag": 1,
      "change_message": "[{\"added\": {}}]"
    }
  },
  {
    "model": "admin.logentry",
    "pk": 94,
    "fields": {
      "action_time": "2024-04-01T21:26:03.277Z",
      "user": 1,
      "content_type": 2,
      "object_id": "30",
      "object_repr": "informatics",
      "action_flag": 1,
      "change_message": "[{\"added\": {}}]"
    }
  },
  {
    "model": "admin.logentry",
    "pk": 95,
    "fields": {
      "action_time": "2024-04-01T21:30:01.741Z",
      "user": 1,
      "content_type": 2,
      "object_id": "31",
      "object_repr": "environment",
      "action_flag": 1,
      "change_message": "[{\"added\": {}}]"
    }
  },
  {
    "model": "admin.logentry",
    "pk": 96,
    "fields": {
      "action_time": "2024-04-01T21:30:15.411Z",
      "user": 1,
      "content_type": 2,
      "object_id": "32",
      "object_repr": "enterprise economics",
      "action_flag": 1,
      "change_message": "[{\"added\": {}}]"
    }
  },
  {
    "model": "admin.logentry",
    "pk": 97,
    "fields": {
      "action_time": "2024-04-01T21:31:10.980Z",
      "user": 1,
      "content_type": 2,
      "object_id": "33",
      "object_repr": "discovery of university work methods",
      "action_flag": 1,
      "change_message": "[{\"added\": {}}]"
    }
  },
  {
    "model": "admin.logentry",
    "pk": 98,
    "fields": {
      "action_time": "2024-04-01T21:31:32.820Z",
      "user": 1,
      "content_type": 2,
      "object_id": "34",
      "object_repr": "biotechnology",
      "action_flag": 1,
      "change_message": "[{\"added\": {}}]"
    }
  },
  {
    "model": "admin.logentry",
    "pk": 99,
    "fields": {
      "action_time": "2024-04-01T21:31:51.651Z",
      "user": 1,
      "content_type": 2,
      "object_id": "35",
      "object_repr": "renewable energy",
      "action_flag": 1,
      "change_message": "[{\"added\": {}}]"
    }
  },
  {
    "model": "admin.logentry",
    "pk": 100,
    "fields": {
      "action_time": "2024-04-01T21:32:11.789Z",
      "user": 1,
      "content_type": 2,
      "object_id": "36",
      "object_repr": "history of sciences",
      "action_flag": 1,
      "change_message": "[{\"added\": {}}]"
    }
  },
  {
    "model": "admin.logentry",
    "pk": 101,
    "fields": {
      "action_time": "2024-04-01T21:32:43.405Z",
      "user": 1,
      "content_type": 1,
      "object_id": "34",
      "object_repr": "mathematics 1",
      "action_flag": 1,
      "change_message": "[{\"added\": {}}]"
    }
  },
  {
    "model": "admin.logentry",
    "pk": 102,
    "fields": {
      "action_time": "2024-04-01T21:32:58.958Z",
      "user": 1,
      "content_type": 1,
      "object_id": "35",
      "object_repr": "mathematics 2",
      "action_flag": 1,
      "change_message": "[{\"added\": {}}]"
    }
  },
  {
    "model": "admin.logentry",
    "pk": 103,
    "fields": {
      "action_time": "2024-04-01T21:33:14.875Z",
      "user": 1,
      "content_type": 1,
      "object_id": "36",
      "object_repr": "mathematics 3",
      "action_flag": 1,
      "change_message": "[{\"added\": {}}]"
    }
  },
  {
    "model": "admin.logentry",
    "pk": 104,
    "fields": {
      "action_time": "2024-04-01T21:33:32.375Z",
      "user": 1,
      "content_type": 1,
      "object_id": "37",
      "object_repr": "mathematics 4",
      "action_flag": 1,
      "change_message": "[{\"added\": {}}]"
    }
  },
  {
    "model": "admin.logentry",
    "pk": 105,
    "fields": {
      "action_time": "2024-04-01T21:33:55.902Z",
      "user": 1,
      "content_type": 1,
      "object_id": "38",
      "object_repr": "point mechanics",
      "action_flag": 1,
      "change_message": "[{\"added\": {}}]"
    }
  },
  {
    "model": "admin.logentry",
    "pk": 106,
    "fields": {
      "action_time": "2024-04-01T21:34:34.238Z",
      "user": 1,
      "content_type": 1,
      "object_id": "39",
      "object_repr": "analitical mechanics",
      "action_flag": 1,
      "change_message": "[{\"added\": {}}]"
    }
  },
  {
    "model": "admin.logentry",
    "pk": 107,
    "fields": {
      "action_time": "2024-04-01T21:34:51.574Z",
      "user": 1,
      "content_type": 1,
      "object_id": "40",
      "object_repr": "vibration and waves",
      "action_flag": 1,
      "change_message": "[{\"added\": {}}]"
    }
  },
  {
    "model": "admin.logentry",
    "pk": 108,
    "fields": {
      "action_time": "2024-04-01T21:35:07.809Z",
      "user": 1,
      "content_type": 1,
      "object_id": "41",
      "object_repr": "oscillations",
      "action_flag": 1,
      "change_message": "[{\"added\": {}}]"
    }
  },
  {
    "model": "admin.logentry",
    "pk": 109,
    "fields": {
      "action_time": "2024-04-01T21:35:26.481Z",
      "user": 1,
      "content_type": 1,
      "object_id": "42",
      "object_repr": "quantum mechanics 1",
      "action_flag": 1,
      "change_message": "[{\"added\": {}}]"
    }
  },
  {
    "model": "admin.logentry",
    "pk": 110,
    "fields": {
      "action_time": "2024-04-01T21:35:44.119Z",
      "user": 1,
      "content_type": 1,
      "object_id": "43",
      "object_repr": "quantum mechanics 2",
      "action_flag": 1,
      "change_message": "[{\"added\": {}}]"
    }
  },
  {
    "model": "admin.logentry",
    "pk": 111,
    "fields": {
      "action_time": "2024-04-01T21:36:04.304Z",
      "user": 1,
      "content_type": 1,
      "object_id": "44",
      "object_repr": "electromagnetism",
      "action_flag": 1,
      "change_message": "[{\"added\": {}}]"
    }
  },
  {
    "model": "admin.logentry",
    "pk": 112,
    "fields": {
      "action_time": "2024-04-01T21:36:20.516Z",
      "user": 1,
      "content_type": 1,
      "object_id": "45",
      "object_repr": "electricity",
      "action_flag": 1,
      "change_message": "[{\"added\": {}}]"
    }
  },
  {
    "model": "admin.logentry",
    "pk": 113,
    "fields": {
      "action_time": "2024-04-01T21:37:01.367Z",
      "user": 1,
      "content_type": 1,
      "object_id": "46",
      "object_repr": "electronics 1",
      "action_flag": 1,
      "change_message": "[{\"added\": {}}]"
    }
  },
  {
    "model": "admin.logentry",
    "pk": 114,
    "fields": {
      "action_time": "2024-04-01T21:37:23.251Z",
      "user": 1,
      "content_type": 1,
      "object_id": "47",
      "object_repr": "fluid mechanics 1",
      "action_flag": 1,
      "change_message": "[{\"added\": {}}]"
    }
  },
  {
    "model": "admin.logentry",
    "pk": 115,
    "fields": {
      "action_time": "2024-04-01T21:37:42.678Z",
      "user": 1,
      "content_type": 1,
      "object_id": "48",
      "object_repr": "notions of astronomy and astrophysics",
      "action_flag": 1,
      "change_message": "[{\"added\": {}}]"
    }
  },
  {
    "model": "admin.logentry",
    "pk": 116,
    "fields": {
      "action_time": "2024-04-01T21:38:06.585Z",
      "user": 1,
      "content_type": 1,
      "object_id": "49",
      "object_repr": "spectroscopy",
      "action_flag": 1,
      "change_message": "[{\"added\": {}}]"
    }
  },
  {
    "model": "admin.logentry",
    "pk": 117,
    "fields": {
      "action_time": "2024-04-01T21:38:34.519Z",
      "user": 1,
      "content_type": 1,
      "object_id": "50",
      "object_repr": "geometrical optics",
      "action_flag": 1,
      "change_message": "[{\"added\": {}}]"
    }
  },
  {
    "model": "admin.logentry",
    "pk": 118,
    "fields": {
      "action_time": "2024-04-01T21:39:01.036Z",
      "user": 1,
      "content_type": 1,
      "object_id": "51",
      "object_repr": "physical crystallography",
      "action_flag": 1,
      "change_message": "[{\"added\": {}}]"
    }
  },
  {
    "model": "admin.logentry",
    "pk": 119,
    "fields": {
      "action_time": "2024-04-01T21:39:18.794Z",
      "user": 1,
      "content_type": 1,
      "object_id": "52",
      "object_repr": "analysis technique",
      "action_flag": 1,
      "change_message": "[{\"added\": {}}]"
    }
  },
  {
    "model": "admin.logentry",
    "pk": 120,
    "fields": {
      "action_time": "2024-04-01T21:40:03.890Z",
      "user": 1,
      "content_type": 1,
      "object_id": "53",
      "object_repr": "material structure",
      "action_flag": 1,
      "change_message": "[{\"added\": {}}]"
    }
  },
  {
    "model": "admin.logentry",
    "pk": 121,
    "fields": {
      "action_time": "2024-04-01T21:40:39.552Z",
      "user": 1,
      "content_type": 1,
      "object_id": "54",
      "object_repr": "thermodynamics and chemical kinetics",
      "action_flag": 1,
      "change_message": "[{\"added\": {}}]"
    }
  },
  {
    "model": "admin.logentry",
    "pk": 122,
    "fields": {
      "action_time": "2024-04-01T21:40:51.604Z",
      "user": 1,
      "content_type": 1,
      "object_id": "55",
      "object_repr": "thermodybamics",
      "action_flag": 1,
      "change_message": "[{\"added\": {}}]"
    }
  },
  {
    "model": "admin.logentry",
    "pk": 123,
    "fields": {
      "action_time": "2024-04-01T21:41:09.214Z",
      "user": 1,
      "content_type": 1,
      "object_id": "56",
      "object_repr": "mineral chimestry",
      "action_flag": 1,
      "change_message": "[{\"added\": {}}]"
    }
  },
  {
    "model": "admin.logentry",
    "pk": 124,
    "fields": {
      "action_time": "2024-04-01T21:41:20.197Z",
      "user": 1,
      "content_type": 1,
      "object_id": "57",
      "object_repr": "informatics 1",
      "action_flag": 1,
      "change_message": "[{\"added\": {}}]"
    }
  },
  {
    "model": "admin.logentry",
    "pk": 125,
    "fields": {
      "action_time": "2024-04-01T21:41:32.960Z",
      "user": 1,
      "content_type": 1,
      "object_id": "58",
      "object_repr": "informatics 2",
      "action_flag": 1,
      "change_message": "[{\"added\": {}}]"
    }
  },
  {
    "model": "admin.logentry",
    "pk": 126,
    "fields": {
      "action_time": "2024-04-01T21:41:58.601Z",
      "user": 1,
      "content_type": 1,
      "object_id": "59",
      "object_repr": "discovery of university work methods",
      "action_flag": 1,
      "change_message": "[{\"added\": {}}]"
    }
  },
  {
    "model": "admin.logentry",
    "pk": 127,
    "fields": {
      "action_time": "2024-04-01T21:42:10.942Z",
      "user": 1,
      "content_type": 1,
      "object_id": "60",
      "object_repr": "environment",
      "action_flag": 1,
      "change_message": "[{\"added\": {}}]"
    }
  },
  {
    "model": "admin.logentry",
    "pk": 128,
    "fields": {
      "action_time": "2024-04-01T21:42:38.591Z",
      "user": 1,
      "content_type": 1,
      "object_id": "61",
      "object_repr": "eterprise economics",
      "action_flag": 1,
      "change_message": "[{\"added\": {}}]"
    }
  },
  {
    "model": "admin.logentry",
    "pk": 129,
    "fields": {
      "action_time": "2024-04-01T21:42:57.119Z",
      "user": 1,
      "content_type": 1,
      "object_id": "62",
      "object_repr": "biotechnology",
      "action_flag": 1,
      "change_message": "[{\"added\": {}}]"
    }
  },
  {
    "model": "admin.logentry",
    "pk": 130,
    "fields": {
      "action_time": "2024-04-01T21:43:17.906Z",
      "user": 1,
      "content_type": 1,
      "object_id": "63",
      "object_repr": "renewable energy",
      "action_flag": 1,
      "change_message": "[{\"added\": {}}]"
    }
  },
  {
    "model": "admin.logentry",
    "pk": 131,
    "fields": {
      "action_time": "2024-04-01T21:44:25.206Z",
      "user": 1,
      "content_type": 1,
      "object_id": "64",
      "object_repr": "history of sciences",
      "action_flag": 1,
      "change_message": "[{\"added\": {}}]"
    }
  },
  {
    "model": "admin.logentry",
    "pk": 132,
    "fields": {
      "action_time": "2024-04-01T21:44:49.033Z",
      "user": 1,
      "content_type": 1,
      "object_id": "65",
      "object_repr": "history of physics",
      "action_flag": 1,
      "change_message": "[{\"added\": {}}]"
    }
  },
  {
    "model": "admin.logentry",
    "pk": 133,
    "fields": {
      "action_time": "2024-04-01T21:45:40.235Z",
      "user": 1,
      "content_type": 4,
      "object_id": "11",
      "object_repr": "extracurricular activities",
      "action_flag": 2,
      "change_message": "[{\"changed\": {\"fields\": [\"Modules\"]}}]"
    }
  },
  {
    "model": "admin.logentry",
    "pk": 134,
    "fields": {
      "action_time": "2024-04-01T21:46:27.745Z",
      "user": 1,
      "content_type": 1,
      "object_id": "61",
      "object_repr": "eterprise economics",
      "action_flag": 3,
      "change_message": ""
    }
  },
  {
    "model": "admin.logentry",
    "pk": 135,
    "fields": {
      "action_time": "2024-04-01T21:46:45.912Z",
      "user": 1,
      "content_type": 1,
      "object_id": "66",
      "object_repr": "enterprise economics",
      "action_flag": 1,
      "change_message": "[{\"added\": {}}]"
    }
  },
  {
    "model": "admin.logentry",
    "pk": 136,
    "fields": {
      "action_time": "2024-04-01T21:48:49.106Z",
      "user": 1,
      "content_type": 4,
      "object_id": "11",
      "object_repr": "extracurricular activities",
      "action_flag": 2,
      "change_message": "[{\"changed\": {\"fields\": [\"Modules\"]}}]"
    }
  },
  {
    "model": "admin.logentry",
    "pk": 137,
    "fields": {
      "action_time": "2024-04-01T21:50:35.925Z",
      "user": 1,
      "content_type": 4,
      "object_id": "8",
      "object_repr": "mathematics",
      "action_flag": 2,
      "change_message": "[{\"changed\": {\"fields\": [\"Modules\"]}}]"
    }
  },
  {
    "model": "admin.logentry",
    "pk": 138,
    "fields": {
      "action_time": "2024-04-01T21:50:56.631Z",
      "user": 1,
      "content_type": 4,
      "object_id": "1",
      "object_repr": "computer science",
      "action_flag": 2,
      "change_message": "[{\"changed\": {\"fields\": [\"Modules\"]}}]"
    }
  },
  {
    "model": "admin.logentry",
    "pk": 139,
    "fields": {
      "action_time": "2024-04-01T21:54:21.702Z",
      "user": 1,
      "content_type": 4,
      "object_id": "9",
      "object_repr": "physics",
      "action_flag": 2,
      "change_message": "[{\"changed\": {\"fields\": [\"Modules\"]}}]"
    }
  },
  {
    "model": "admin.logentry",
    "pk": 140,
    "fields": {
      "action_time": "2024-04-01T22:03:36.881Z",
      "user": 1,
      "content_type": 4,
      "object_id": "9",
      "object_repr": "physics",
      "action_flag": 2,
      "change_message": "[{\"changed\": {\"fields\": [\"Modules\"]}}]"
    }
  },
  {
    "model": "admin.logentry",
    "pk": 141,
    "fields": {
      "action_time": "2024-04-01T22:04:24.547Z",
      "user": 1,
      "content_type": 4,
      "object_id": "4",
      "object_repr": "chimestry",
      "action_flag": 2,
      "change_message": "[{\"changed\": {\"fields\": [\"Modules\"]}}]"
    }
  },
  {
    "model": "admin.logentry",
    "pk": 142,
    "fields": {
      "action_time": "2024-04-01T22:05:08.705Z",
      "user": 1,
      "content_type": 4,
      "object_id": "6",
      "object_repr": "electrical engineering",
      "action_flag": 2,
      "change_message": "[{\"changed\": {\"fields\": [\"Modules\"]}}]"
    }
  },
  {
    "model": "admin.logentry",
    "pk": 143,
    "fields": {
      "action_time": "2024-04-01T22:28:54.150Z",
      "user": 1,
      "content_type": 2,
      "object_id": "37",
      "object_repr": "careers in science and technology",
      "action_flag": 1,
      "change_message": "[{\"added\": {}}]"
    }
  },
  {
    "model": "admin.logentry",
    "pk": 144,
    "fields": {
      "action_time": "2024-04-01T22:29:12.989Z",
      "user": 1,
      "content_type": 2,
      "object_id": "38",
      "object_repr": "writing and presentation methodology",
      "action_flag": 1,
      "change_message": "[{\"added\": {}}]"
    }
  },
  {
    "model": "admin.logentry",
    "pk": 145,
    "fields": {
      "action_time": "2024-04-01T22:30:18.503Z",
      "user": 1,
      "content_type": 1,
      "object_id": "67",
      "object_repr": "writing methodology",
      "action_flag": 1,
      "change_message": "[{\"added\": {}}]"
    }
  },
  {
    "model": "admin.logentry",
    "pk": 146,
    "fields": {
      "action_time": "2024-04-01T22:30:47.198Z",
      "user": 1,
      "content_type": 1,
      "object_id": "68",
      "object_repr": "presentation methodology",
      "action_flag": 1,
      "change_message": "[{\"added\": {}}]"
    }
  },
  {
    "model": "admin.logentry",
    "pk": 147,
    "fields": {
      "action_time": "2024-04-01T22:31:05.470Z",
      "user": 1,
      "content_type": 1,
      "object_id": "69",
      "object_repr": "careers in science and technology 1",
      "action_flag": 1,
      "change_message": "[{\"added\": {}}]"
    }
  },
  {
    "model": "admin.logentry",
    "pk": 148,
    "fields": {
      "action_time": "2024-04-01T22:31:53.611Z",
      "user": 1,
      "content_type": 1,
      "object_id": "70",
      "object_repr": "careers in science and technology 2",
      "action_flag": 1,
      "change_message": "[{\"added\": {}}]"
    }
  },
  {
    "model": "admin.logentry",
    "pk": 149,
    "fields": {
      "action_time": "2024-04-01T22:31:57.407Z",
      "user": 1,
      "content_type": 1,
      "object_id": "69",
      "object_repr": "careers in science and technology 1",
      "action_flag": 2,
      "change_message": "[{\"changed\": {\"fields\": [\"Short\"]}}]"
    }
  },
  {
    "model": "admin.logentry",
    "pk": 150,
    "fields": {
      "action_time": "2024-04-01T22:32:08.671Z",
      "user": 1,
      "content_type": 2,
      "object_id": "37",
      "object_repr": "careers in science and technology",
      "action_flag": 2,
      "change_message": "[{\"changed\": {\"fields\": [\"Short\"]}}]"
    }
  },
  {
    "model": "admin.logentry",
    "pk": 151,
    "fields": {
      "action_time": "2024-04-01T22:32:27.194Z",
      "user": 1,
      "content_type": 4,
      "object_id": "11",
      "object_repr": "extracurricular activities",
      "action_flag": 2,
      "change_message": "[{\"changed\": {\"fields\": [\"Modules\"]}}]"
    }
  },
  {
    "model": "admin.logentry",
    "pk": 152,
    "fields": {
      "action_time": "2024-04-02T08:28:34.321Z",
      "user": 1,
      "content_type": 3,
      "object_id": "6",
      "object_repr": "Screenshot 2024-03-25 030715.png",
      "action_flag": 3,
      "change_message": ""
    }
  },
  {
    "model": "admin.logentry",
    "pk": 153,
    "fields": {
      "action_time": "2024-04-02T08:28:34.331Z",
      "user": 1,
      "content_type": 3,
      "object_id": "5",
      "object_repr": "Screenshot 2024-03-19 045316.png",
      "action_flag": 3,
      "change_message": ""
    }
  },
  {
    "model": "admin.logentry",
    "pk": 154,
    "fields": {
      "action_time": "2024-04-02T08:28:34.337Z",
      "user": 1,
      "content_type": 3,
      "object_id": "4",
      "object_repr": "Screenshot 2024-03-25 030715.png",
      "action_flag": 3,
      "change_message": ""
    }
  },
  {
    "model": "admin.logentry",
    "pk": 155,
    "fields": {
      "action_time": "2024-04-02T08:28:34.344Z",
      "user": 1,
      "content_type": 3,
      "object_id": "3",
      "object_repr": "ronldo.png",
      "action_flag": 3,
      "change_message": ""
    }
  },
  {
    "model": "admin.logentry",
    "pk": 156,
    "fields": {
      "action_time": "2024-04-02T08:28:34.353Z",
      "user": 1,
      "content_type": 3,
      "object_id": "2",
      "object_repr": "Screenshot 2024-03-27 102316.png",
      "action_flag": 3,
      "change_message": ""
    }
  },
  {
    "model": "admin.logentry",
    "pk": 157,
    "fields": {
      "action_time": "2024-04-02T08:31:05.690Z",
      "user": 1,
      "content_type": 3,
      "object_id": "1",
      "object_repr": "images.png",
      "action_flag": 2,
      "change_message": "[{\"changed\": {\"fields\": [\"Accepted\"]}}]"
    }
  },
  {
    "model": "admin.logentry",
    "pk": 158,
    "fields": {
      "action_time": "2024-04-02T08:31:24.891Z",
      "user": 1,
      "content_type": 3,
      "object_id": "1",
      "object_repr": "images.png",
      "action_flag": 3,
      "change_message": ""
    }
  },
  {
    "model": "admin.logentry",
    "pk": 159,
    "fields": {
      "action_time": "2024-04-02T10:30:25.678Z",
      "user": 1,
      "content_type": 3,
      "object_id": "10",
      "object_repr": "ronldo.png",
      "action_flag": 3,
      "change_message": ""
    }
  },
  {
    "model": "admin.logentry",
    "pk": 160,
    "fields": {
      "action_time": "2024-04-02T11:14:24.147Z",
      "user": 1,
      "content_type": 3,
      "object_id": "11",
      "object_repr": "Screenshot 2024-04-01 162145.png",
      "action_flag": 3,
      "change_message": ""
    }
  },
  {
    "model": "admin.logentry",
    "pk": 161,
    "fields": {
      "action_time": "2024-04-02T20:00:03.252Z",
      "user": 1,
      "content_type": 3,
      "object_id": "34",
      "object_repr": "advanced pointers.pdf",
      "action_flag": 2,
      "change_message": "[]"
    }
  },
  {
    "model": "admin.logentry",
    "pk": 162,
    "fields": {
      "action_time": "2024-04-03T09:29:52.349Z",
      "user": 1,
      "content_type": 3,
      "object_id": "34",
      "object_repr": "advanced pointers.pdf",
      "action_flag": 3,
      "change_message": ""
    }
  },
  {
    "model": "admin.logentry",
    "pk": 163,
    "fields": {
      "action_time": "2024-04-03T09:29:52.367Z",
      "user": 1,
      "content_type": 3,
      "object_id": "33",
      "object_repr": "ALGO_2_-_TP_N8.pdf",
      "action_flag": 3,
      "change_message": ""
    }
  },
  {
    "model": "admin.logentry",
    "pk": 164,
    "fields": {
      "action_time": "2024-04-03T09:29:52.378Z",
      "user": 1,
      "content_type": 3,
      "object_id": "32",
      "object_repr": "ALGO_2_-_TP_N7.pdf",
      "action_flag": 3,
      "change_message": ""
    }
  },
  {
    "model": "admin.logentry",
    "pk": 165,
    "fields": {
      "action_time": "2024-04-03T09:29:52.394Z",
      "user": 1,
      "content_type": 3,
      "object_id": "31",
      "object_repr": "ALGO_2_-_TP_N6.pdf",
      "action_flag": 3,
      "change_message": ""
    }
  },
  {
    "model": "admin.logentry",
    "pk": 166,
    "fields": {
      "action_time": "2024-04-03T09:29:52.405Z",
      "user": 1,
      "content_type": 3,
      "object_id": "30",
      "object_repr": "ALGO_2_-_TP_N5.pdf",
      "action_flag": 3,
      "change_message": ""
    }
  },
  {
    "model": "admin.logentry",
    "pk": 167,
    "fields": {
      "action_time": "2024-04-03T09:29:52.418Z",
      "user": 1,
      "content_type": 3,
      "object_id": "29",
      "object_repr": "ALGO_2_-_TD_N3.pdf",
      "action_flag": 3,
      "change_message": ""
    }
  },
  {
    "model": "admin.logentry",
    "pk": 168,
    "fields": {
      "action_time": "2024-04-03T09:29:52.433Z",
      "user": 1,
      "content_type": 3,
      "object_id": "28",
      "object_repr": "ALGO_2_-_TD_N2.pdf",
      "action_flag": 3,
      "change_message": ""
    }
  },
  {
    "model": "admin.logentry",
    "pk": 169,
    "fields": {
      "action_time": "2024-04-03T09:29:52.446Z",
      "user": 1,
      "content_type": 3,
      "object_id": "27",
      "object_repr": "ALGO_2_-_TD_N1.pdf",
      "action_flag": 3,
      "change_message": ""
    }
  },
  {
    "model": "admin.logentry",
    "pk": 170,
    "fields": {
      "action_time": "2024-04-03T09:29:52.456Z",
      "user": 1,
      "content_type": 3,
      "object_id": "26",
      "object_repr": "ALGO_2_-_TD_N1.pdf",
      "action_flag": 3,
      "change_message": ""
    }
  },
  {
    "model": "admin.logentry",
    "pk": 171,
    "fields": {
      "action_time": "2024-04-03T09:29:52.470Z",
      "user": 1,
      "content_type": 3,
      "object_id": "25",
      "object_repr": "ALGO_2_-_Chapter_3.pdf",
      "action_flag": 3,
      "change_message": ""
    }
  },
  {
    "model": "admin.logentry",
    "pk": 172,
    "fields": {
      "action_time": "2024-04-03T09:29:52.484Z",
      "user": 1,
      "content_type": 3,
      "object_id": "24",
      "object_repr": "ALGO_2_-_Chapter_2.pdf",
      "action_flag": 3,
      "change_message": ""
    }
  },
  {
    "model": "admin.logentry",
    "pk": 173,
    "fields": {
      "action_time": "2024-04-03T09:29:52.493Z",
      "user": 1,
      "content_type": 3,
      "object_id": "23",
      "object_repr": "ALGO_2_-_Chapter_1.pdf",
      "action_flag": 3,
      "change_message": ""
    }
  },
  {
    "model": "admin.logentry",
    "pk": 174,
    "fields": {
      "action_time": "2024-04-03T09:29:52.501Z",
      "user": 1,
      "content_type": 3,
      "object_id": "22",
      "object_repr": "ALGO_1_-_TP_N4.pdf",
      "action_flag": 3,
      "change_message": ""
    }
  },
  {
    "model": "admin.logentry",
    "pk": 175,
    "fields": {
      "action_time": "2024-04-03T09:29:52.512Z",
      "user": 1,
      "content_type": 3,
      "object_id": "21",
      "object_repr": "ALGO_1_-_TP_N3.pdf",
      "action_flag": 3,
      "change_message": ""
    }
  },
  {
    "model": "admin.logentry",
    "pk": 176,
    "fields": {
      "action_time": "2024-04-03T09:29:52.530Z",
      "user": 1,
      "content_type": 3,
      "object_id": "20",
      "object_repr": "ALGO_1_-_TP_N2.pdf",
      "action_flag": 3,
      "change_message": ""
    }
  },
  {
    "model": "admin.logentry",
    "pk": 177,
    "fields": {
      "action_time": "2024-04-03T09:29:52.547Z",
      "user": 1,
      "content_type": 3,
      "object_id": "19",
      "object_repr": "ALGO_1_-_TP_N1.pdf",
      "action_flag": 3,
      "change_message": ""
    }
  },
  {
    "model": "admin.logentry",
    "pk": 178,
    "fields": {
      "action_time": "2024-04-03T09:29:52.555Z",
      "user": 1,
      "content_type": 3,
      "object_id": "18",
      "object_repr": "ALGO_1_-_TD_N3.pdf",
      "action_flag": 3,
      "change_message": ""
    }
  },
  {
    "model": "admin.logentry",
    "pk": 179,
    "fields": {
      "action_time": "2024-04-03T09:29:52.567Z",
      "user": 1,
      "content_type": 3,
      "object_id": "17",
      "object_repr": "ALGO_1_-_TD_N2.pdf",
      "action_flag": 3,
      "change_message": ""
    }
  },
  {
    "model": "admin.logentry",
    "pk": 180,
    "fields": {
      "action_time": "2024-04-03T09:29:52.574Z",
      "user": 1,
      "content_type": 3,
      "object_id": "16",
      "object_repr": "ALGO_1_-_TD_N1_-_Updated.pdf",
      "action_flag": 3,
      "change_message": ""
    }
  },
  {
    "model": "admin.logentry",
    "pk": 181,
    "fields": {
      "action_time": "2024-04-03T09:29:52.583Z",
      "user": 1,
      "content_type": 3,
      "object_id": "15",
      "object_repr": "ALGO_1_-_TD_N1_-_Old.pdf",
      "action_flag": 3,
      "change_message": ""
    }
  },
  {
    "model": "admin.logentry",
    "pk": 182,
    "fields": {
      "action_time": "2024-04-03T09:29:52.592Z",
      "user": 1,
      "content_type": 3,
      "object_id": "14",
      "object_repr": "ALGO_1_-_TD_N0.pdf",
      "action_flag": 3,
      "change_message": ""
    }
  },
  {
    "model": "admin.logentry",
    "pk": 183,
    "fields": {
      "action_time": "2024-04-03T09:29:52.601Z",
      "user": 1,
      "content_type": 3,
      "object_id": "13",
      "object_repr": "ALGO_1_-_Chapter_2.pdf",
      "action_flag": 3,
      "change_message": ""
    }
  },
  {
    "model": "admin.logentry",
    "pk": 184,
    "fields": {
      "action_time": "2024-04-03T09:29:52.609Z",
      "user": 1,
      "content_type": 3,
      "object_id": "12",
      "object_repr": "ALGO_1_-_Chapter_1.pdf",
      "action_flag": 3,
      "change_message": ""
    }
  },
  {
    "model": "admin.logentry",
    "pk": 185,
    "fields": {
      "action_time": "2024-04-03T09:39:55.935Z",
      "user": 1,
      "content_type": 3,
      "object_id": "45",
      "object_repr": "ALGO_1_-_TP_N1.pdf",
      "action_flag": 3,
      "change_message": ""
    }
  },
  {
    "model": "admin.logentry",
    "pk": 186,
    "fields": {
      "action_time": "2024-04-03T09:43:19.661Z",
      "user": 1,
      "content_type": 3,
      "object_id": "35",
      "object_repr": "ALGO_2_-_Chapter_1.pdf",
      "action_flag": 2,
      "change_message": "[]"
    }
  },
  {
    "model": "auth.permission",
    "pk": 1,
    "fields": {
      "name": "Can add module",
      "content_type": 1,
      "codename": "add_module"
    }
  },
  {
    "model": "auth.permission",
    "pk": 2,
    "fields": {
      "name": "Can change module",
      "content_type": 1,
      "codename": "change_module"
    }
  },
  {
    "model": "auth.permission",
    "pk": 3,
    "fields": {
      "name": "Can delete module",
      "content_type": 1,
      "codename": "delete_module"
    }
  },
  {
    "model": "auth.permission",
    "pk": 4,
    "fields": {
      "name": "Can view module",
      "content_type": 1,
      "codename": "view_module"
    }
  },
  {
    "model": "auth.permission",
    "pk": 5,
    "fields": {
      "name": "Can add module group",
      "content_type": 2,
      "codename": "add_modulegroup"
    }
  },
  {
    "model": "auth.permission",
    "pk": 6,
    "fields": {
      "name": "Can change module group",
      "content_type": 2,
      "codename": "change_modulegroup"
    }
  },
  {
    "model": "auth.permission",
    "pk": 7,
    "fields": {
      "name": "Can delete module group",
      "content_type": 2,
      "codename": "delete_modulegroup"
    }
  },
  {
    "model": "auth.permission",
    "pk": 8,
    "fields": {
      "name": "Can view module group",
      "content_type": 2,
      "codename": "view_modulegroup"
    }
  },
  {
    "model": "auth.permission",
    "pk": 9,
    "fields": {
      "name": "Can add file",
      "content_type": 3,
      "codename": "add_file"
    }
  },
  {
    "model": "auth.permission",
    "pk": 10,
    "fields": {
      "name": "Can change file",
      "content_type": 3,
      "codename": "change_file"
    }
  },
  {
    "model": "auth.permission",
    "pk": 11,
    "fields": {
      "name": "Can delete file",
      "content_type": 3,
      "codename": "delete_file"
    }
  },
  {
    "model": "auth.permission",
    "pk": 12,
    "fields": {
      "name": "Can view file",
      "content_type": 3,
      "codename": "view_file"
    }
  },
  {
    "model": "auth.permission",
    "pk": 13,
    "fields": {
      "name": "Can add faculty",
      "content_type": 4,
      "codename": "add_faculty"
    }
  },
  {
    "model": "auth.permission",
    "pk": 14,
    "fields": {
      "name": "Can change faculty",
      "content_type": 4,
      "codename": "change_faculty"
    }
  },
  {
    "model": "auth.permission",
    "pk": 15,
    "fields": {
      "name": "Can delete faculty",
      "content_type": 4,
      "codename": "delete_faculty"
    }
  },
  {
    "model": "auth.permission",
    "pk": 16,
    "fields": {
      "name": "Can view faculty",
      "content_type": 4,
      "codename": "view_faculty"
    }
  },
  {
    "model": "auth.permission",
    "pk": 17,
    "fields": {
      "name": "Can add user dashboard module",
      "content_type": 5,
      "codename": "add_userdashboardmodule"
    }
  },
  {
    "model": "auth.permission",
    "pk": 18,
    "fields": {
      "name": "Can change user dashboard module",
      "content_type": 5,
      "codename": "change_userdashboardmodule"
    }
  },
  {
    "model": "auth.permission",
    "pk": 19,
    "fields": {
      "name": "Can delete user dashboard module",
      "content_type": 5,
      "codename": "delete_userdashboardmodule"
    }
  },
  {
    "model": "auth.permission",
    "pk": 20,
    "fields": {
      "name": "Can view user dashboard module",
      "content_type": 5,
      "codename": "view_userdashboardmodule"
    }
  },
  {
    "model": "auth.permission",
    "pk": 21,
    "fields": {
      "name": "Can add bookmark",
      "content_type": 6,
      "codename": "add_bookmark"
    }
  },
  {
    "model": "auth.permission",
    "pk": 22,
    "fields": {
      "name": "Can change bookmark",
      "content_type": 6,
      "codename": "change_bookmark"
    }
  },
  {
    "model": "auth.permission",
    "pk": 23,
    "fields": {
      "name": "Can delete bookmark",
      "content_type": 6,
      "codename": "delete_bookmark"
    }
  },
  {
    "model": "auth.permission",
    "pk": 24,
    "fields": {
      "name": "Can view bookmark",
      "content_type": 6,
      "codename": "view_bookmark"
    }
  },
  {
    "model": "auth.permission",
    "pk": 25,
    "fields": {
      "name": "Can add pinned application",
      "content_type": 7,
      "codename": "add_pinnedapplication"
    }
  },
  {
    "model": "auth.permission",
    "pk": 26,
    "fields": {
      "name": "Can change pinned application",
      "content_type": 7,
      "codename": "change_pinnedapplication"
    }
  },
  {
    "model": "auth.permission",
    "pk": 27,
    "fields": {
      "name": "Can delete pinned application",
      "content_type": 7,
      "codename": "delete_pinnedapplication"
    }
  },
  {
    "model": "auth.permission",
    "pk": 28,
    "fields": {
      "name": "Can view pinned application",
      "content_type": 7,
      "codename": "view_pinnedapplication"
    }
  },
  {
    "model": "auth.permission",
    "pk": 29,
    "fields": {
      "name": "Can add log entry",
      "content_type": 8,
      "codename": "add_logentry"
    }
  },
  {
    "model": "auth.permission",
    "pk": 30,
    "fields": {
      "name": "Can change log entry",
      "content_type": 8,
      "codename": "change_logentry"
    }
  },
  {
    "model": "auth.permission",
    "pk": 31,
    "fields": {
      "name": "Can delete log entry",
      "content_type": 8,
      "codename": "delete_logentry"
    }
  },
  {
    "model": "auth.permission",
    "pk": 32,
    "fields": {
      "name": "Can view log entry",
      "content_type": 8,
      "codename": "view_logentry"
    }
  },
  {
    "model": "auth.permission",
    "pk": 33,
    "fields": {
      "name": "Can add permission",
      "content_type": 9,
      "codename": "add_permission"
    }
  },
  {
    "model": "auth.permission",
    "pk": 34,
    "fields": {
      "name": "Can change permission",
      "content_type": 9,
      "codename": "change_permission"
    }
  },
  {
    "model": "auth.permission",
    "pk": 35,
    "fields": {
      "name": "Can delete permission",
      "content_type": 9,
      "codename": "delete_permission"
    }
  },
  {
    "model": "auth.permission",
    "pk": 36,
    "fields": {
      "name": "Can view permission",
      "content_type": 9,
      "codename": "view_permission"
    }
  },
  {
    "model": "auth.permission",
    "pk": 37,
    "fields": {
      "name": "Can add group",
      "content_type": 10,
      "codename": "add_group"
    }
  },
  {
    "model": "auth.permission",
    "pk": 38,
    "fields": {
      "name": "Can change group",
      "content_type": 10,
      "codename": "change_group"
    }
  },
  {
    "model": "auth.permission",
    "pk": 39,
    "fields": {
      "name": "Can delete group",
      "content_type": 10,
      "codename": "delete_group"
    }
  },
  {
    "model": "auth.permission",
    "pk": 40,
    "fields": {
      "name": "Can view group",
      "content_type": 10,
      "codename": "view_group"
    }
  },
  {
    "model": "auth.permission",
    "pk": 41,
    "fields": {
      "name": "Can add user",
      "content_type": 11,
      "codename": "add_user"
    }
  },
  {
    "model": "auth.permission",
    "pk": 42,
    "fields": {
      "name": "Can change user",
      "content_type": 11,
      "codename": "change_user"
    }
  },
  {
    "model": "auth.permission",
    "pk": 43,
    "fields": {
      "name": "Can delete user",
      "content_type": 11,
      "codename": "delete_user"
    }
  },
  {
    "model": "auth.permission",
    "pk": 44,
    "fields": {
      "name": "Can view user",
      "content_type": 11,
      "codename": "view_user"
    }
  },
  {
    "model": "auth.permission",
    "pk": 45,
    "fields": {
      "name": "Can add content type",
      "content_type": 12,
      "codename": "add_contenttype"
    }
  },
  {
    "model": "auth.permission",
    "pk": 46,
    "fields": {
      "name": "Can change content type",
      "content_type": 12,
      "codename": "change_contenttype"
    }
  },
  {
    "model": "auth.permission",
    "pk": 47,
    "fields": {
      "name": "Can delete content type",
      "content_type": 12,
      "codename": "delete_contenttype"
    }
  },
  {
    "model": "auth.permission",
    "pk": 48,
    "fields": {
      "name": "Can view content type",
      "content_type": 12,
      "codename": "view_contenttype"
    }
  },
  {
    "model": "auth.permission",
    "pk": 49,
    "fields": {
      "name": "Can add session",
      "content_type": 13,
      "codename": "add_session"
    }
  },
  {
    "model": "auth.permission",
    "pk": 50,
    "fields": {
      "name": "Can change session",
      "content_type": 13,
      "codename": "change_session"
    }
  },
  {
    "model": "auth.permission",
    "pk": 51,
    "fields": {
      "name": "Can delete session",
      "content_type": 13,
      "codename": "delete_session"
    }
  },
  {
    "model": "auth.permission",
    "pk": 52,
    "fields": {
      "name": "Can view session",
      "content_type": 13,
      "codename": "view_session"
    }
  },
  {
    "model": "auth.user",
    "pk": 1,
    "fields": {
      "password": "pbkdf2_sha256$720000$XzYS9VSOggtYwFv0h17iRp$W9LMhd7NXrTbVaQjyeyqmfsSDWGf/R0Pfm4RU3sqCmY=",
      "last_login": "2024-04-02T19:51:33.587Z",
      "is_superuser": true,
      "username": "bibusthb",
      "first_name": "",
      "last_name": "",
      "email": "bibusthb@gmail.com",
      "is_staff": true,
      "is_active": true,
      "date_joined": "2024-03-26T12:45:23.612Z",
      "groups": [],
      "user_permissions": []
    }
  },
  {
    "model": "contenttypes.contenttype",
    "pk": 1,
    "fields": {
      "app_label": "files",
      "model": "module"
    }
  },
  {
    "model": "contenttypes.contenttype",
    "pk": 2,
    "fields": {
      "app_label": "files",
      "model": "modulegroup"
    }
  },
  {
    "model": "contenttypes.contenttype",
    "pk": 3,
    "fields": {
      "app_label": "files",
      "model": "file"
    }
  },
  {
    "model": "contenttypes.contenttype",
    "pk": 4,
    "fields": {
      "app_label": "files",
      "model": "faculty"
    }
  },
  {
    "model": "contenttypes.contenttype",
    "pk": 5,
    "fields": {
      "app_label": "dashboard",
      "model": "userdashboardmodule"
    }
  },
  {
    "model": "contenttypes.contenttype",
    "pk": 6,
    "fields": {
      "app_label": "jet",
      "model": "bookmark"
    }
  },
  {
    "model": "contenttypes.contenttype",
    "pk": 7,
    "fields": {
      "app_label": "jet",
      "model": "pinnedapplication"
    }
  },
  {
    "model": "contenttypes.contenttype",
    "pk": 8,
    "fields": {
      "app_label": "admin",
      "model": "logentry"
    }
  },
  {
    "model": "contenttypes.contenttype",
    "pk": 9,
    "fields": {
      "app_label": "auth",
      "model": "permission"
    }
  },
  {
    "model": "contenttypes.contenttype",
    "pk": 10,
    "fields": {
      "app_label": "auth",
      "model": "group"
    }
  },
  {
    "model": "contenttypes.contenttype",
    "pk": 11,
    "fields": {
      "app_label": "auth",
      "model": "user"
    }
  },
  {
    "model": "contenttypes.contenttype",
    "pk": 12,
    "fields": {
      "app_label": "contenttypes",
      "model": "contenttype"
    }
  },
  {
    "model": "contenttypes.contenttype",
    "pk": 13,
    "fields": {
      "app_label": "sessions",
      "model": "session"
    }
  },
  {
    "model": "sessions.session",
    "pk": "2lgqcp55vvdhwlcfiu6kkv4jvd7pij1m",
    "fields": {
      "session_data": ".eJxVjDsOwjAQBe_iGlm2N_5R0ucM1m684ACypTipEHeHSCmgfTPzXiLhtpa0dV7SnMVZaHH63QinB9cd5DvWW5NTq-syk9wVedAux5b5eTncv4OCvXxriypGj4azBcuG42DBBfaKgg_qmgM4AghMBrVGcmAj6xCNti4ODpx4fwDF_jab:1rqYBP:PySYzTTimTBhnjEvBryCLJI2TB9xUTnC-n5plN4Jmbw",
      "expire_date": "2024-04-13T12:51:39.586Z"
    }
  },
  {
    "model": "sessions.session",
    "pk": "414c3qhsardhaol3d6t7wo5gv0sffpqj",
    "fields": {
      "session_data": ".eJxVjDsOwjAQBe_iGlm2N_5R0ucM1m684ACypTipEHeHSCmgfTPzXiLhtpa0dV7SnMVZaHH63QinB9cd5DvWW5NTq-syk9wVedAux5b5eTncv4OCvXxriypGj4azBcuG42DBBfaKgg_qmgM4AghMBrVGcmAj6xCNti4ODpx4fwDF_jab:1rrkAP:HRMIMpIl2kEaI-xwIXZjspBTT6fLihLbO0onrZ8g_48",
      "expire_date": "2024-04-16T19:51:33.600Z"
    }
  },
  {
    "model": "sessions.session",
    "pk": "ji270cqx03vbuzsrtv2pl6awnk4p71y2",
    "fields": {
      "session_data": ".eJxVjDsOwjAQBe_iGlm2N_5R0ucM1m684ACypTipEHeHSCmgfTPzXiLhtpa0dV7SnMVZaHH63QinB9cd5DvWW5NTq-syk9wVedAux5b5eTncv4OCvXxriypGj4azBcuG42DBBfaKgg_qmgM4AghMBrVGcmAj6xCNti4ODpx4fwDF_jab:1rp6BZ:X5f9EWvm0NnyzeXgPzvlnUWTB-RP60Fs5AfrgxHYvH4",
      "expire_date": "2024-04-09T12:45:49.552Z"
    }
  }
]
